  GEN     ./Makefile
scripts/kconfig/conf  --silentoldconfig Kconfig
  CHK     include/config/kernel.release
  UPD     include/config/kernel.release
  GEN     ./Makefile
  WRAP    arch/arm64/include/generated/uapi/asm/errno.h
  WRAP    arch/arm64/include/generated/uapi/asm/ioctl.h
  WRAP    arch/arm64/include/generated/uapi/asm/ioctls.h
  WRAP    arch/arm64/include/generated/uapi/asm/ipcbuf.h
  WRAP    arch/arm64/include/generated/uapi/asm/kvm_para.h
  WRAP    arch/arm64/include/generated/uapi/asm/mman.h
  WRAP    arch/arm64/include/generated/uapi/asm/msgbuf.h
  WRAP    arch/arm64/include/generated/uapi/asm/poll.h
  WRAP    arch/arm64/include/generated/uapi/asm/resource.h
  WRAP    arch/arm64/include/generated/uapi/asm/sembuf.h
  WRAP    arch/arm64/include/generated/uapi/asm/shmbuf.h
  WRAP    arch/arm64/include/generated/uapi/asm/socket.h
  WRAP    arch/arm64/include/generated/uapi/asm/sockios.h
  WRAP    arch/arm64/include/generated/uapi/asm/swab.h
  WRAP    arch/arm64/include/generated/uapi/asm/termbits.h
  WRAP    arch/arm64/include/generated/uapi/asm/termios.h
  WRAP    arch/arm64/include/generated/uapi/asm/types.h
  CHK     include/generated/uapi/linux/version.h
  UPD     include/generated/uapi/linux/version.h
  CHK     include/generated/utsrelease.h
  UPD     include/generated/utsrelease.h
  HOSTCC  scripts/basic/fixdep
  HOSTCC  scripts/basic/bin2c
  Using .. as source for kernel
  WRAP    arch/arm64/include/generated/asm/bugs.h
  WRAP    arch/arm64/include/generated/asm/clkdev.h
  WRAP    arch/arm64/include/generated/asm/delay.h
  WRAP    arch/arm64/include/generated/asm/div64.h
  WRAP    arch/arm64/include/generated/asm/dma.h
  WRAP    arch/arm64/include/generated/asm/dma-contiguous.h
  WRAP    arch/arm64/include/generated/asm/early_ioremap.h
  WRAP    arch/arm64/include/generated/asm/emergency-restart.h
  WRAP    arch/arm64/include/generated/asm/hw_irq.h
  WRAP    arch/arm64/include/generated/asm/irq_regs.h
  WRAP    arch/arm64/include/generated/asm/kdebug.h
  WRAP    arch/arm64/include/generated/asm/kmap_types.h
  WRAP    arch/arm64/include/generated/asm/local.h
  WRAP    arch/arm64/include/generated/asm/local64.h
  WRAP    arch/arm64/include/generated/asm/mcs_spinlock.h
  WRAP    arch/arm64/include/generated/asm/mm-arch-hooks.h
  WRAP    arch/arm64/include/generated/asm/msi.h
  WRAP    arch/arm64/include/generated/asm/preempt.h
  WRAP    arch/arm64/include/generated/asm/qrwlock.h
  WRAP    arch/arm64/include/generated/asm/rwsem.h
  WRAP    arch/arm64/include/generated/asm/segment.h
  WRAP    arch/arm64/include/generated/asm/serial.h
  WRAP    arch/arm64/include/generated/asm/set_memory.h
  WRAP    arch/arm64/include/generated/asm/sizes.h
  WRAP    arch/arm64/include/generated/asm/switch_to.h
  WRAP    arch/arm64/include/generated/asm/trace_clock.h
  WRAP    arch/arm64/include/generated/asm/unaligned.h
  WRAP    arch/arm64/include/generated/asm/user.h
  WRAP    arch/arm64/include/generated/asm/vga.h
  WRAP    arch/arm64/include/generated/asm/xor.h
  LDS     scripts/module-lto.lds
  CC      scripts/mod/empty.o
  HOSTCC  scripts/kallsyms
  HOSTCC  scripts/recordmcount
  CC      kernel/bounds.s
  HOSTCC  scripts/selinux/genheaders/genheaders
  HOSTCC  scripts/mod/mk_elfconfig
  CHK     include/generated/timeconst.h
  UPD     include/generated/timeconst.h
  CHK     include/generated/bounds.h
  UPD     include/generated/bounds.h
  CC      arch/arm64/kernel/asm-offsets.s
  CC      scripts/mod/devicetable-offsets.s
  HOSTCC  scripts/sortextable
  HOSTCC  scripts/selinux/mdp/mdp
  MKELF   scripts/mod/elfconfig.h
  CHK     scripts/mod/devicetable-offsets.h
  UPD     scripts/mod/devicetable-offsets.h
  HOSTCC  scripts/mod/sumversion.o
  HOSTCC  scripts/asn1_compiler
  HOSTCC  scripts/sign-file
  HOSTCC  scripts/mod/modpost.o
  HOSTCC  scripts/mod/file2alias.o
  HOSTCC  scripts/extract-cert
  CHK     include/generated/asm-offsets.h
  UPD     include/generated/asm-offsets.h
  CALL    ../scripts/checksyscalls.sh
  HOSTLD  scripts/mod/modpost
  LDS     arch/arm64/kernel/vdso/vdso.lds
  VDSOA   arch/arm64/kernel/vdso/gettimeofday.o
  VDSOA   arch/arm64/kernel/vdso/note.o
  VDSOA   arch/arm64/kernel/vdso/sigreturn.o
  LD      arch/arm64/kernel/vdso/vdso.so.dbg
  VDSOSYM include/generated/vdso-offsets.h
  CC      init/main.o
  CC      init/do_mounts.o
  CHK     include/generated/compile.h
  CC      init/do_mounts_rd.o
  CC      init/do_mounts_initrd.o
  CC      init/do_mounts_dm.o
  CC      init/noinitramfs.o
  CC      init/initramfs.o
  CC      init/calibrate.o
  CC      init/init_task.o
  UPD     include/generated/compile.h
  HOSTCC  usr/gen_init_cpio
  CC      init/version.o
  CC      arch/arm64/kernel/debug-monitors.o
  GEN     usr/initramfs_data.cpio
  CC      arch/arm64/mm/dma-mapping.o
  AS      usr/initramfs_data.o
  AR      usr/built-in.o
  AS      arch/arm64/kernel/entry.o
  CC      arch/arm64/mm/extable.o
  CC      arch/arm64/net/bpf_jit_comp.o
  CC      arch/arm64/mm/fault.o
  CC      arch/arm64/kernel/irq.o
  CC      arch/arm64/crypto/sha1-ce-glue.o
  AS      arch/arm64/crypto/sha1-ce-core.o
  CC      arch/arm64/kernel/fpsimd.o
  CC      arch/arm64/crypto/sha2-ce-glue.o
  CC      arch/arm64/mm/init.o
  AS      arch/arm64/crypto/sha2-ce-core.o
  AS      arch/arm64/kernel/entry-fpsimd.o
  AR      init/mounts.o
  AR      init/built-in.o
  AS      arch/arm64/mm/cache.o
  CC      kernel/fork.o
  AS      arch/arm64/crypto/aes-ce-core.o
  CC      kernel/exec_domain.o
  CC      arch/arm64/mm/copypage.o
  CC      certs/system_keyring.o
  CC      arch/arm64/kernel/process.o
  CC      kernel/panic.o
  CC      mm/filemap.o
  CC      arch/arm64/crypto/aes-ce-glue.o
  EXTRACT_CERTS   
  CC      arch/arm64/kernel/ptrace.o
Generating X.509 key generation config
###
### Now generating an X.509 key pair to be used for signing modules.
###
### If this takes a long time, you might wish to run rngd in the
### background to keep the supply of entropy topped up.  It
### needs to be run as root, and uses a hardware random
### number generator if one is available.
###
  CC      mm/mempool.o
....+++++++++++++++++++++++++++++++++++++++++++++*..+.......+...+.........+.....+.........+....+..+......+...+++++++++++++++++++++++++++++++++++++++++++++*..+........+.......+......+  AR      arch/arm64/net/built-in.o
  CC      arch/arm64/crypto/aes-ce-ccm-glue.o
.................+.......++  CC      mm/oom_kill.o
+++
.........+........+.......+++++++++++++++++++++++++++++++++++++++++++++*.......+....+.........+...+.....+....+.....+.............+++++++++++++++++++++++++++++++++++++++++++++*.....+...+....+...........+....+  CC      fs/open.o
........+....+.........+............+..+...............+  CC      arch/arm64/mm/flush.o
.......+........+......+  CC      arch/arm64/kernel/setup.o
...............+.+..............+.......+..+.+...........+......+....+......+..................+...........+....+.....+......+..........+.....+....+..+...+..........+++  AS      arch/arm64/crypto/aes-ce-ccm-core.o
  CC      fs/read_write.o
++
  CC      arch/arm64/crypto/aes-glue-ce.o
  CC      arch/arm64/mm/ioremap.o
-----
  AR      ipc/built-in.o
  AS      arch/arm64/crypto/aes-ce.o
###
### Key pair generated.
###
  EXTRACT_CERTS   certs/signing_key.pem
  AS      certs/system_certificates.o
  CC      fs/file_table.o
  CC      arch/arm64/kernel/signal.o
  AR      certs/built-in.o
  CC      arch/arm64/mm/mmap.o
  CC      mm/maccess.o
  CC      kernel/cpu.o
  CC      fs/super.o
  CC      arch/arm64/crypto/aes-glue-neon.o
  CC      arch/arm64/kernel/sys.o
  CC      security/integrity/iint.o
  AS      arch/arm64/crypto/aes-neon.o
  CC      arch/arm64/mm/pgd.o
  CC      fs/char_dev.o
  CC      arch/arm64/kernel/stacktrace.o
  CC      mm/page_alloc.o
  CC      arch/arm64/crypto/sha256-glue.o
  CC      security/keys/gc.o
  CC      security/integrity/digsig.o
  CC      kernel/exit.o
  CC      arch/arm64/mm/mmu.o
  CC      mm/page-writeback.o
  CC      crypto/api.o
  CC      fs/stat.o
  GEN     security/selinux/flask.h security/selinux/av_permissions.h
  CC      security/selinux/avc.o
  CC      arch/arm64/kernel/time.o
  CC      security/integrity/digsig_asymmetric.o
  CC      security/keys/key.o
  SHIPPED arch/arm64/crypto/sha256-core.S
  CC      arch/arm64/crypto/sha512-glue.o
  CC      arch/arm64/kernel/traps.o
  AR      security/integrity/integrity.o
  AR      security/integrity/built-in.o
  CC      fs/exec.o
  CC      arch/arm64/mm/context.o
  CC      block/bio.o
  CC      crypto/cipher.o
  CC      security/selinux/hooks.o
  CC      security/keys/keyring.o
  SHIPPED arch/arm64/crypto/sha512-core.S
  CC      arch/arm64/kernel/io.o
  AS      arch/arm64/crypto/aes-cipher-core.o
  CC      arch/arm64/crypto/aes-cipher-glue.o
  CC      drivers/adsp_factory/adsp_factory.o
  AS      arch/arm64/mm/proc.o
  CC      security/keys/keyctl.o
  CC      arch/arm64/kernel/vdso.o
  CC      arch/arm64/mm/pageattr.o
  CC      crypto/compress.o
  CC      kernel/softirq.o
  CC      fs/pipe.o
  AS      arch/arm64/crypto/aes-neonbs-core.o
  CC      arch/arm64/crypto/aes-neonbs-glue.o
  AR      arch/arm64/mm/built-in.o
  CC      block/elevator.o
  CC      mm/readahead.o
  CC      mm/swap.o
  CC      drivers/adsp_factory/ssc_core.o
  CC      security/keys/permission.o
  AS      arch/arm64/kernel/hyp-stub.o
  CC      arch/arm64/kernel/psci.o
  CC      security/selinux/selinuxfs.o
  CC      crypto/memneq.o
  CC      fs/namei.o
  CC      security/keys/process_keys.o
  CC      arch/arm64/kernel/cpu_ops.o
  AR      arch/arm64/crypto/sha1-ce.o
  CC      drivers/adsp_factory/lsm6dsl_accel.o
  CC      kernel/resource.o
  AR      arch/arm64/crypto/sha2-ce.o
  AR      arch/arm64/crypto/aes-ce-cipher.o
  AR      arch/arm64/crypto/aes-ce-ccm.o
  AR      arch/arm64/crypto/aes-ce-blk.o
  AR      arch/arm64/crypto/aes-neon-blk.o
  AS      arch/arm64/crypto/sha256-core.o
  AS      arch/arm64/crypto/sha512-core.o
  AR      arch/arm64/crypto/aes-arm64.o
  CC      drivers/amba/bus.o
  CC      security/keys/request_key.o
  AR      arch/arm64/crypto/aes-neon-bs.o
  CC      crypto/crypto_wq.o
  AR      arch/arm64/crypto/sha256-arm64.o
  AR      arch/arm64/crypto/sha512-arm64.o
  CC      arch/arm64/kernel/insn.o
  AR      arch/arm64/crypto/built-in.o
  CC      block/blk-core.o
  CC      security/commoncap.o
  CC      mm/truncate.o
  CC      security/keys/request_key_auth.o
  CC      drivers/adsp_factory/lsm6dsl_gyro.o
  CC      kernel/sysctl.o
  CC      fs/fcntl.o
  CC      arch/arm64/kernel/module.o
  CC      security/selinux/netlink.o
  AR      drivers/amba/built-in.o
  CC      crypto/algapi.o
  CC      drivers/android/binderfs.o
  CC      security/keys/user_defined.o
  CC      drivers/adsp_factory/ak09918_mag.o
  CC      sound/sound_core.o
  CC      arch/arm64/kernel/return_address.o
  CC      mm/vmscan.o
  CC      security/keys/compat.o
  CC      arch/arm64/kernel/cpuinfo.o
  CC      security/selinux/nlmsgtab.o
  AR      sound/arm/built-in.o
  CC      kernel/sysctl_binary.o
  CC      drivers/android/binder.o
  AR      sound/atmel/built-in.o
  CC      fs/ioctl.o
  CC      crypto/scatterwalk.o
  CC      sound/core/sound.o
  CC      drivers/adsp_factory/tmd490x_light.o
  CC      security/keys/proc.o
  CC      arch/arm64/kernel/cpu_errata.o
  CC      sound/core/init.o
  CC      crypto/proc.o
  CC      block/blk-tag.o
  AR      drivers/auxdisplay/built-in.o
  CC      mm/shmem.o
  CC      security/keys/sysctl.o
  CC      drivers/adsp_factory/tmd490x_prox.o
  CC      kernel/capability.o
  CC      fs/readdir.o
  CC      arch/arm64/kernel/cpufeature.o
  CC      security/selinux/netif.o
  AR      security/keys/built-in.o
  AR      sound/drivers/mpu401/built-in.o
  CC      sound/core/memory.o
  AR      sound/drivers/opl3/built-in.o
  AR      sound/drivers/opl4/built-in.o
  CC      crypto/aead.o
  AR      sound/drivers/pcsp/built-in.o
  CC      block/blk-sysfs.o
  AR      sound/drivers/vx/built-in.o
  AR      sound/drivers/built-in.o
  CC      drivers/adsp_factory/tmd490x_barcode_emul.o
  CC      kernel/ptrace.o
  CC      arch/arm64/kernel/alternative.o
  MK_FW   firmware/tsp_imagis/ist40xx_a905g.bin.gen.S
  MK_FW   firmware/tsp_imagis/ist40xx_a905g_cmcs.bin.gen.S
  MK_FW   firmware/tsp_melfas/mss100_r3.fw.gen.S
  IHEX    firmware/tsp_melfas/mss100_r3.fw
  AS      firmware/tsp_imagis/ist40xx_a905g.bin.gen.o
  CC      sound/core/control.o
  AS      firmware/tsp_imagis/ist40xx_a905g_cmcs.bin.gen.o
  CC      fs/select.o
  CC      drivers/android/binder_alloc.o
  AS      firmware/tsp_melfas/mss100_r3.fw.gen.o
  AR      firmware/built-in.o
  CC      drivers/adsp_factory/hidden_hole.o
  CC      drivers/base/component.o
  CC      mm/util.o
  CC      security/selinux/netnode.o
  CC      crypto/ablkcipher.o
  CC      block/blk-flush.o
  CC      arch/arm64/kernel/cacheinfo.o
  CC      drivers/base/core.o
  CC      mm/mmzone.o
  AR      drivers/adsp_factory/built-in.o
  CC      security/min_addr.o
  CC      kernel/user.o
  AR      sound/firewire/built-in.o
  CC      sound/core/misc.o
  CC      arch/arm64/kernel/smp.o
  CC      fs/dcache.o
  AR      drivers/android/built-in.o
  CC      mm/vmstat.o
  CC      kernel/signal.o
  CC      security/selinux/netport.o
  CC      block/blk-settings.o
  CC      sound/core/device.o
  CC      drivers/base/bus.o
  CC      crypto/blkcipher.o
  CC      sound/core/info.o
  AR      techpack/audio/asoc/codecs/msm_sdw/built-in.o
  AR      techpack/audio/asoc/codecs/sdm660_cdc/built-in.o
  CC      techpack/audio/dsp/codecs/q6audio_v2.o
  CC      mm/backing-dev.o
  CC      techpack/audio/asoc/codecs/wcd934x/wcd934x.o
  CC      arch/arm64/kernel/smp_spin_table.o
  CC      drivers/base/dd.o
  CC      block/blk-ioc.o
  AR      sound/hda/built-in.o
  CC      fs/inode.o
  CC      security/selinux/exports.o
  CC      crypto/skcipher.o
  CC      sound/core/ctljack.o
  CC      drivers/base/syscore.o
  CC      security/selinux/ss/ebitmap.o
  CC      kernel/sys.o
  CC      arch/arm64/kernel/topology.o
  CC      crypto/seqiv.o
  CC      techpack/audio/dsp/codecs/q6audio_v2_aio.o
  CC      sound/core/jack.o
  CC      mm/mm_init.o
  CC      block/blk-map.o
  CC      security/selinux/ss/hashtab.o
  CC      techpack/audio/dsp/codecs/audio_utils_aio.o
  AS      arch/arm64/kernel/smccc-call.o
  CC      sound/core/hwdep.o
  CC      arch/arm64/kernel/sys32.o
  CC      drivers/battery_v2/sec_battery.o
  CC      mm/mmu_context.o
  CC      drivers/base/driver.o
  CC      crypto/echainiv.o
  CC      block/blk-exec.o
  CC      fs/attr.o
  CC      sound/core/timer.o
  AS      arch/arm64/kernel/kuser32.o
  CC      security/selinux/ss/symtab.o
  CC      arch/arm64/kernel/signal32.o
  CC      drivers/base/class.o
  CC      security/selinux/ss/sidtab.o
  CC      mm/percpu.o
  CC      kernel/umh.o
  CC      techpack/audio/dsp/codecs/audio_utils.o
  CC      block/blk-merge.o
  CC      crypto/ahash.o
  CC      fs/bad_inode.o
  CC      drivers/base/platform.o
  CC      fs/file.o
  CC      kernel/workqueue.o
  CC      techpack/audio/dsp/codecs/audio_native.o
  CC      sound/core/pcm.o
  CC      arch/arm64/kernel/sys_compat.o
  CC      crypto/shash.o
  CC      techpack/audio/asoc/codecs/wcd934x/wcd934x-dsp-cntl.o
  CC      techpack/audio/dsp/codecs/aac_in.o
  CC      security/selinux/ss/avtab.o
  CC      drivers/base/cpu.o
  CC      block/blk-softirq.o
  CC      fs/filesystems.o
  AS      arch/arm64/kernel/entry32.o
  CC      arch/arm64/kernel/ftrace.o
  CC      mm/slab_common.o
  CC      crypto/akcipher.o
  CC      drivers/battery_v2/sec_battery_sysfs.o
  CC      sound/core/pcm_native.o
  CC      techpack/audio/dsp/codecs/amrnb_in.o
  CC      techpack/audio/asoc/codecs/wcd934x/wcd934x-dsd.o
  AS      arch/arm64/kernel/entry-ftrace.o
  CC      drivers/base/firmware.o
  CC      arch/arm64/kernel/arm64ksyms.o
  CC      fs/namespace.o
  CC      block/blk-timeout.o
  CC      security/selinux/ss/policydb.o
  CC      crypto/kpp.o
  CC      drivers/base/init.o
  CC      kernel/pid.o
  AR      techpack/audio/asoc/codecs/wcd934x/wcd934x_dlkm.o
  AR      techpack/audio/asoc/codecs/wcd934x/built-in.o
  CC      arch/arm64/kernel/module-plts.o
  CC      techpack/audio/dsp/codecs/amrwb_in.o
  AR      techpack/audio/asoc/codecs/wcd9360/built-in.o
  CC      block/blk-lib.o
  CC      drivers/base/map.o
  AR      techpack/audio/asoc/codecs/wcd937x/built-in.o
  CC      techpack/audio/asoc/codecs/wcd9xxx-rst.o
  CC      arch/arm64/kernel/perf_regs.o
  CC      drivers/base/devres.o
  CC      mm/compaction.o
  CC      drivers/battery_v2/sec_battery_dt.o
  ASN.1   crypto/rsapubkey-asn1.c
  ASN.1   crypto/rsaprivkey-asn1.c
  CC      crypto/rsa.o
  CC      techpack/audio/dsp/codecs/audio_aac.o
  CC      techpack/audio/asoc/codecs/wcd9xxx-core-init.o
  CC      block/blk-mq.o
  CC      kernel/task_work.o
  CC      sound/core/pcm_lib.o
  CC      fs/seq_file.o
  CC      crypto/rsa_helper.o
  CC      techpack/audio/asoc/codecs/wcd9xxx-core.o
  CC      arch/arm64/kernel/perf_callchain.o
  CC      crypto/rsa-pkcs1pad.o
  CC      techpack/audio/dsp/codecs/audio_alac.o
  CC      drivers/base/attribute_container.o
  CC      kernel/extable.o
  CC      drivers/battery_v2/sec_adc.o
  CC      fs/xattr.o
  CC      security/selinux/ss/services.o
  CC      techpack/audio/dsp/codecs/audio_amrnb.o
  CC      techpack/audio/asoc/codecs/wcd9xxx-irq.o
  CC      arch/arm64/kernel/perf_event.o
  CC      sound/core/pcm_misc.o
  CC      crypto/acompress.o
  CC      kernel/params.o
  CC      drivers/base/transport_class.o
  CC      drivers/battery_v2/sec_step_charging.o
  CC      block/blk-mq-tag.o
  CC      mm/vmacache.o
  CC      fs/libfs.o
  CC      sound/core/pcm_memory.o
  CC      arch/arm64/kernel/perf_trace_counters.o
  CC      techpack/audio/dsp/codecs/audio_amrwb.o
  CC      drivers/base/topology.o
  CC      techpack/audio/asoc/codecs/wcd9xxx-slimslave.o
  CC      kernel/kthread.o
  CC      mm/swap_slots.o
  CC      crypto/scompress.o
  CC      sound/core/memalloc.o
  CC      drivers/battery_v2/sec_cisd.o
  CC      techpack/audio/asoc/codecs/wcd9xxx-utils.o
  CC      block/blk-stat.o
  CC      techpack/audio/dsp/codecs/audio_amrwbplus.o
  CC      fs/fs-writeback.o
  CC      drivers/base/container.o
  CC      mm/interval_tree.o
  CC      kernel/sys_ni.o
  CC      kernel/nsproxy.o
  CC      techpack/audio/dsp/codecs/audio_ape.o
  CC      techpack/audio/asoc/codecs/wcd9335-regmap.o
  CC      arch/arm64/kernel/perf_trace_user.o
  CC      drivers/base/property.o
  CC      sound/core/pcm_timer.o
  CC      crypto/algboss.o
  CC      drivers/battery_v2/sec_direct_charger.o
  CC      block/blk-mq-sysfs.o
  CC      security/selinux/ss/conditional.o
  CC      arch/arm64/kernel/hw_breakpoint.o
  CC      techpack/audio/dsp/codecs/audio_evrc.o
  CC      mm/list_lru.o
  CC      kernel/notifier.o
  CC      sound/core/pcm_drm_eld.o
  CC      techpack/audio/asoc/codecs/wcd9335-tables.o
  CC      techpack/audio/asoc/codecs/msm-cdc-pinctrl.o
  CC      drivers/battery_v2/battery_notifier.o
  CC      block/blk-mq-cpumap.o
  CC      crypto/testmgr.o
  AS      arch/arm64/kernel/sleep.o
  CC      fs/pnode.o
  CC      arch/arm64/kernel/suspend.o
  CC      drivers/base/cacheinfo.o
  CC      security/selinux/ss/mls.o
  CC      drivers/battery_v2/max77705_fuelgauge.o
  CC      sound/core/pcm_iec958.o
  CC      kernel/ksysfs.o
  CC      techpack/audio/dsp/codecs/audio_g711alaw.o
  CC      block/blk-mq-sched.o
  CC      techpack/audio/asoc/codecs/msm-cdc-supply.o
  CC      mm/workingset.o
  CC      arch/arm64/kernel/cpuidle.o
  CC      crypto/cmac.o
  CC      sound/core/rawmidi.o
  CC      techpack/audio/dsp/codecs/audio_g711mlaw.o
  CC      fs/splice.o
  CC      drivers/base/dma-contiguous.o
  CC      kernel/cred.o
  CC      techpack/audio/asoc/codecs/wcd934x/wcd934x-regmap.o
  CC      arch/arm64/kernel/jump_label.o
  CC      block/ioctl.o
  CC      mm/debug.o
  CC      crypto/hmac.o
  CC      techpack/audio/dsp/codecs/audio_hwacc_effects.o
  CC      security/selinux/ss/status.o
  CC      arch/arm64/kernel/pci.o
  CC      drivers/base/power/sysfs.o
  CC      drivers/battery_v2/max77705_charger.o
  CC      sound/core/compress_offload.o
  CC      techpack/audio/asoc/codecs/wcd934x/wcd934x-tables.o
  CC      kernel/reboot.o
  CC      arch/arm64/kernel/armv8_deprecated.o
  CC      techpack/audio/dsp/codecs/audio_mp3.o
  CC      mm/gup.o
  CC      techpack/audio/asoc/codecs/wcd9360/wcd9360-regmap.o
  CC      block/genhd.o
  CC      fs/sync.o
  CC      crypto/crypto_null.o
  CC      techpack/audio/dsp/codecs/audio_multi_aac.o
  AR      security/selinux/selinux.o
  CC      techpack/audio/asoc/codecs/wcd-clsh.o
  CC      drivers/base/power/generic_ops.o
  AR      security/selinux/built-in.o
  CC      security/security.o
  AR      sound/core/snd.o
  CC      kernel/async.o
  AR      sound/core/snd-hwdep.o
  CC      mm/highmem.o
  CC      arch/arm64/kernel/kaslr.o
  AR      sound/core/snd-timer.o
  CC      block/partition-generic.o
  CC      drivers/battery_v2/pca9468_charger.o
  AR      sound/core/snd-pcm.o
  CC      techpack/audio/dsp/codecs/audio_qcelp.o
  AR      sound/core/snd-rawmidi.o
  AR      sound/core/snd-compress.o
  AR      sound/core/built-in.o
  CC      crypto/md5.o
  CC      fs/utimes.o
  AR      sound/i2c/other/built-in.o
  AR      sound/i2c/built-in.o
  CC      kernel/range.o
  AR      sound/isa/ad1816a/built-in.o
  AR      sound/isa/ad1848/built-in.o
  CC      techpack/audio/asoc/codecs/wcd9xxx-common-v2.o
  CC      techpack/audio/dsp/codecs/audio_wma.o
  CC      drivers/base/power/common.o
  CC      arch/arm64/kernel/scs.o
  CC      kernel/smpboot.o
  AR      sound/isa/cs423x/built-in.o
  AR      sound/isa/es1688/built-in.o
  AR      sound/isa/galaxy/built-in.o
  AR      sound/isa/gus/built-in.o
  CC      mm/memory.o
  CC      crypto/sha1_generic.o
  AR      sound/isa/msnd/built-in.o
  AR      sound/isa/opti9xx/built-in.o
  CC      drivers/battery_v2/sec_pd.o
  CC      block/ioprio.o
  AR      sound/isa/sb/built-in.o
  CC      fs/stack.o
  CC      arch/arm64/kernel/probes/kprobes.o
  AR      sound/isa/wavefront/built-in.o
  AR      sound/isa/wss/built-in.o
  AR      sound/isa/built-in.o
  AR      drivers/battery_v2/built-in.o
  CC      drivers/base/power/qos.o
  CC      techpack/audio/dsp/codecs/audio_wmapro.o
  AR      sound/mips/built-in.o
  CC      kernel/ucount.o
  AR      sound/parisc/built-in.o
  CC      fs/fs_struct.o
  CC      net/socket.o
  AR      sound/pci/ac97/built-in.o
  AR      sound/pci/ali5451/built-in.o
  CC      techpack/audio/asoc/codecs/wcd9xxx-resmgr-v2.o
  AR      sound/pci/asihpi/built-in.o
  AR      security/built-in.o
  CC      crypto/sha256_generic.o
  AR      sound/pci/au88x0/built-in.o
  CC      net/802/p8022.o
  AR      sound/pci/aw2/built-in.o
  CC      kernel/kmod.o
  CC      fs/statfs.o
  AR      sound/pci/ca0106/built-in.o
  AR      sound/pci/cs46xx/built-in.o
  AR      sound/pci/cs5535audio/built-in.o
  CC      techpack/audio/dsp/codecs/evrc_in.o
  CC      block/badblocks.o
  CC      arch/arm64/kernel/probes/decode-insn.o
  AR      sound/pci/ctxfi/built-in.o
  AR      sound/pci/echoaudio/built-in.o
  AR      sound/pci/emu10k1/built-in.o
  AR      sound/pci/hda/built-in.o
  AR      sound/pci/ice1712/built-in.o
  CC      drivers/base/power/runtime.o
  AR      sound/pci/korg1212/built-in.o
  AR      sound/pci/lola/built-in.o
  CC      net/802/psnap.o
  AR      sound/pci/lx6464es/built-in.o
  CC      kernel/groups.o
  CC      fs/fs_pin.o
  AR      sound/pci/mixart/built-in.o
  AR      sound/pci/nm256/built-in.o
  AR      sound/pci/oxygen/built-in.o
  CC      techpack/audio/asoc/codecs/wcdcal-hwdep.o
  AR      sound/pci/pcxhr/built-in.o
  AS      arch/arm64/kernel/probes/kprobes_trampoline.o
  AR      sound/pci/riptide/built-in.o
  CC      block/partitions/check.o
  AR      sound/pci/rme9652/built-in.o
  CC      techpack/audio/dsp/codecs/g711alaw_in.o
  CC      arch/arm64/kernel/probes/simulate-insn.o
  CC      crypto/sha512_generic.o
  CC      mm/mincore.o
  AR      sound/pci/trident/built-in.o
  AR      sound/pci/vx222/built-in.o
  CC      fs/nsfs.o
  AR      sound/pci/ymfpci/built-in.o
  AR      sound/pci/built-in.o
  CC      net/802/stp.o
  AR      sound/pcmcia/pdaudiocf/built-in.o
  AR      sound/pcmcia/vx/built-in.o
  CC      drivers/base/power/wakeirq.o
  AR      sound/pcmcia/built-in.o
  CC      kernel/bpf/core.o
  CC      fs/buffer.o
  AR      sound/ppc/built-in.o
  CC      techpack/audio/asoc/codecs/wcd9xxx-soc-init.o
  AR      sound/sh/built-in.o
  CC      arch/arm64/kernel/probes/uprobes.o
  CC      block/partitions/msdos.o
  CC      techpack/audio/dsp/codecs/g711mlaw_in.o
  CC      mm/mlock.o
  CC      sound/soc/soc-core.o
  CC      drivers/base/power/main.o
  CC      techpack/data/drivers/rmnet/perf/rmnet_perf_config.o
  CC      techpack/audio/asoc/codecs/wcd-dsp-utils.o
  AR      net/802/built-in.o
  AR      arch/arm64/kernel/probes/built-in.o
  CC      net/bluetooth/af_bluetooth.o
  OBJCOPY arch/arm64/kernel/vdso/vdso.so
  AS      arch/arm64/kernel/vdso/vdso.o
  AR      arch/arm64/kernel/vdso/built-in.o
  AS      arch/arm64/kernel/head.o
  LDS     arch/arm64/kernel/vmlinux.lds
  CC      techpack/audio/dsp/codecs/qcelp_in.o
  AR      arch/arm64/kernel/built-in.o
  CC      techpack/audio/asoc/msm-audio-effects-q6-v2.o
  CC      techpack/audio/asoc/codecs/wcd-dsp-mgr.o
  CC      techpack/data/drivers/rmnet/perf/rmnet_perf_core.o
  CC      block/partitions/efi.o
  CC      mm/mmap.o
  CC      kernel/bpf/syscall.o
  AR      techpack/audio/dsp/codecs/native_dlkm.o
  AR      techpack/audio/dsp/codecs/built-in.o
  CC      techpack/audio/dsp/msm-audio-event-notify.o
  CC      drivers/base/power/wakeup.o
  CC      techpack/audio/dsp/audio_calibration.o
  CC      techpack/audio/asoc/codecs/audio-ext-clk-up.o
  AR      block/partitions/built-in.o
  CC      block/bounce.o
  CC      fs/block_dev.o
  CC      net/bluetooth/hci_core.o
  CC      techpack/audio/ipc/apr.o
  CC      sound/soc/soc-dapm.o
  CC      techpack/data/drivers/rmnet/perf/rmnet_perf_opt.o
  CC      techpack/audio/asoc/codecs/wsa881x.o
  CC      crypto/gf128mul.o
  CC      techpack/audio/dsp/audio_cal_utils.o
  CC      block/scsi_ioctl.o
  CC      techpack/audio/ipc/apr_v2.o
  CC      kernel/bpf/verifier.o
  CC      mm/mprotect.o
  CC      techpack/audio/asoc/codecs/wsa881x-tables.o
  CC      drivers/base/power/wakeup_stats.o
  CC      fs/direct-io.o
  CC      techpack/audio/dsp/q6adm.o
  CC      techpack/audio/ipc/apr_tal_rpmsg.o
  CC      techpack/data/drivers/rmnet/perf/rmnet_perf_tcp_opt.o
  CC      block/bsg.o
  CC      techpack/audio/asoc/codecs/wsa881x-regmap.o
  CC      drivers/base/power/opp/core.o
  CC      techpack/audio/ipc/wcd-dsp-glink.o
  CC      net/bluetooth/hci_conn.o
  CC      mm/mremap.o
  CC      block/blk-cgroup.o
  CC      sound/soc/soc-jack.o
  CC      techpack/audio/asoc/codecs/wsa881x-temp-sensor.o
  CC      techpack/data/drivers/rmnet/perf/rmnet_perf_udp_opt.o
  CC      crypto/ecb.o
  CC      drivers/base/power/opp/cpu.o
  CC      fs/mpage.o
  AR      techpack/audio/ipc/apr_dlkm.o
  AR      techpack/audio/ipc/wglink_dlkm.o
  AR      techpack/audio/ipc/built-in.o
  CC      kernel/bpf/inode.o
  CC      drivers/base/power/opp/of.o
  CC      techpack/audio/dsp/q6afe.o
  CC      crypto/cbc.o
  CC      techpack/audio/asoc/codecs/msm_stub.o
  CC      mm/msync.o
  AR      techpack/data/drivers/rmnet/perf/rmnet_perf.o
  CC      block/noop-iosched.o
  AR      techpack/data/drivers/rmnet/perf/built-in.o
  CC      sound/soc/soc-cache.o
  CC      techpack/data/drivers/rmnet/shs/rmnet_shs_config.o
  CC      drivers/base/power/opp/debugfs.o
  CC      crypto/cts.o
  CC      net/bluetooth/hci_event.o
  CC      mm/page_vma_mapped.o
  CC      techpack/data/drivers/rmnet/shs/rmnet_shs_main.o
  CC      fs/proc_namespace.o
  CC      sound/soc/soc-utils.o
  CC      kernel/bpf/helpers.o
  CC      techpack/audio/asoc/codecs/wcd-spi.o
  CC      block/deadline-iosched.o
  AR      drivers/base/power/opp/built-in.o
  CC      drivers/base/power/domain.o
  CC      fs/configfs/inode.o
  CC      crypto/xts.o
  CC      fs/configfs/file.o
  CC      mm/pagewalk.o
  CC      drivers/base/regmap/regmap.o
  CC      techpack/audio/asoc/codecs/msm_hdmi_codec_rx.o
  CC      techpack/audio/dsp/q6asm.o
  CC      sound/soc/soc-pcm.o
  CC      crypto/ctr.o
  CC      fs/configfs/dir.o
  CC      block/cfq-iosched.o
  CC      kernel/bpf/tnum.o
  CC      kernel/bpf/hashtab.o
  CC      mm/pgtable-generic.o
  CC      crypto/gcm.o
  CC      drivers/base/power/domain_governor.o
  AR      techpack/audio/asoc/codecs/wcd_core_dlkm.o
  AR      techpack/audio/asoc/codecs/wcd9xxx_dlkm.o
  AR      techpack/audio/asoc/codecs/wsa881x_dlkm.o
  CC      techpack/data/drivers/rmnet/shs/rmnet_shs_wq.o
  AR      techpack/audio/asoc/codecs/stub_dlkm.o
  CC      fs/configfs/symlink.o
  AR      techpack/audio/asoc/codecs/wcd_spi_dlkm.o
  AR      techpack/audio/asoc/codecs/hdmi_dlkm.o
  AR      techpack/audio/asoc/codecs/built-in.o
  CC      techpack/audio/asoc/msm-compress-q6-v2.o
  CC      drivers/base/power/clock_ops.o
  CC      drivers/base/regmap/regcache.o
  CC      net/bluetooth/mgmt.o
  CC      mm/rmap.o
  CC      kernel/bpf/arraymap.o
  CC      sound/soc/soc-io.o
  CC      fs/configfs/mount.o
  AR      drivers/base/power/built-in.o
  CC      mm/vmalloc.o
  CC      drivers/base/regmap/regcache-rbtree.o
  CC      crypto/chacha20poly1305.o
  CC      block/mq-deadline.o
  CC      fs/configfs/item.o
  CC      drivers/base/regmap/regcache-flat.o
  CC      kernel/bpf/percpu_freelist.o
  CC      sound/soc/soc-devres.o
  CC      crypto/cryptd.o
  CC      kernel/bpf/bpf_lru_list.o
  CC      kernel/cgroup/cgroup.o
  CC      techpack/audio/asoc/msm-dai-fe.o
  CC      drivers/base/regmap/regmap-debugfs.o
  CC      techpack/data/drivers/rmnet/shs/rmnet_shs_freq.o
  CC      block/kyber-iosched.o
  AR      fs/configfs/configfs.o
  AR      fs/configfs/built-in.o
  CC      mm/process_vm_access.o
  CC      kernel/bpf/lpm_trie.o
  CC      fs/crypto/crypto.o
  CC      techpack/audio/dsp/q6audio-v2.o
  CC      sound/soc/soc-ops.o
  CC      drivers/base/regmap/regmap-i2c.o
  CC      techpack/audio/asoc/msm-dai-q6-hdmi-v2.o
  CC      crypto/des_generic.o
  CC      mm/showmem.o
  CC      fs/crypto/fname.o
  CC      techpack/audio/dsp/q6voice.o
  CC      techpack/data/drivers/rmnet/shs/rmnet_shs_wq_mem.o
  CC      block/bfq-iosched.o
  CC      kernel/bpf/map_in_map.o
  CC      mm/vmpressure.o
  CC      drivers/base/regmap/regmap-spi.o
  CC      net/bluetooth/hci_sock.o
  CC      kernel/bpf/btf.o
  CC      sound/soc/soc-compress.o
  CC      crypto/twofish_generic.o
  CC      techpack/audio/asoc/msm-dai-q6-v2.o
  CC      fs/crypto/hkdf.o
  CC      drivers/base/regmap/regmap-spmi.o
  CC      mm/init-mm.o
  CC      crypto/twofish_common.o
  CC      techpack/data/drivers/rmnet/shs/rmnet_shs_wq_genl.o
  CC      mm/nobootmem.o
  CC      drivers/base/regmap/regmap-mmio.o
  CC      fs/crypto/hooks.o
  AR      sound/soc/adi/built-in.o
  AR      sound/soc/amd/built-in.o
  AR      sound/soc/atmel/built-in.o
  CC      kernel/bpf/devmap.o
  AR      sound/soc/au1x/built-in.o
  AR      sound/soc/bcm/built-in.o
  AR      sound/soc/blackfin/built-in.o
  CC      crypto/aes_generic.o
  AR      sound/soc/cirrus/built-in.o
  CC      kernel/cgroup/namespace.o
  CC      sound/soc/codecs/hdmi-codec.o
  CC      fs/crypto/keyring.o
  CC      block/bfq-wf2q.o
  AR      drivers/base/regmap/built-in.o
  CC      mm/fadvise.o
  AR      drivers/base/test/built-in.o
  CC      drivers/base/dma-mapping.o
  CC      kernel/cgroup/cgroup-v1.o
  CC      net/bluetooth/hci_sysfs.o
  CC      kernel/bpf/stackmap.o
  CC      crypto/arc4.o
  AR      techpack/data/drivers/rmnet/shs/rmnet_shs.o
  CC      techpack/audio/asoc/msm-dai-slim.o
  AR      techpack/data/drivers/rmnet/shs/built-in.o
  AR      techpack/data/drivers/rmnet/built-in.o
  AR      techpack/data/drivers/built-in.o
  AR      techpack/data/built-in.o
  CC      block/bfq-cgroup.o
  CC      mm/madvise.o
  AR      sound/soc/davinci/built-in.o
  AR      sound/soc/codecs/snd-soc-hdmi-codec.o
  CC      techpack/audio/dsp/q6core.o
  CC      fs/crypto/keysetup.o
  AR      sound/soc/codecs/built-in.o
  AR      sound/soc/dwc/built-in.o
  AR      sound/soc/fsl/built-in.o
  CC      drivers/base/dma-coherent.o
  AR      sound/soc/generic/built-in.o
  AR      sound/soc/hisilicon/built-in.o
  CC      kernel/cgroup/freezer.o
  AR      sound/soc/img/built-in.o
  AR      sound/soc/intel/boards/built-in.o
  AR      sound/sparc/built-in.o
  AR      sound/soc/intel/built-in.o
  CC      crypto/chacha_generic.o
  AR      sound/soc/jz4740/built-in.o
  CC      net/bluetooth/l2cap_core.o
  AR      sound/soc/kirkwood/built-in.o
  CC      arch/arm64/lib/atomic_ll_sc.o
  AR      sound/soc/mediatek/built-in.o
  CC      kernel/bpf/cgroup.o
  CC      techpack/audio/asoc/msm-dai-stub-v2.o
  AR      sound/soc/mxs/built-in.o
  CC      block/compat_ioctl.o
  AR      sound/soc/nuc900/built-in.o
  CC      fs/crypto/keysetup_v1.o
  CC      drivers/base/dma-removed.o
  AR      sound/soc/omap/built-in.o
  AS      arch/arm64/lib/crc32.o
  CC      mm/memblock.o
  AR      sound/soc/pxa/built-in.o
  AS      arch/arm64/lib/bitops.o
  AR      sound/soc/qcom/built-in.o
  CC      kernel/cgroup/legacy_freezer.o
  AS      arch/arm64/lib/clear_page.o
  AR      sound/soc/rockchip/built-in.o
  CC      sound/soc/samsung/sec_audio_sysfs.o
  AS      arch/arm64/lib/clear_user.o
  AS      arch/arm64/lib/copy_from_user.o
  CC      techpack/audio/dsp/q6common.o
  AS      arch/arm64/lib/copy_in_user.o
  AS      arch/arm64/lib/copy_page.o
  AS      arch/arm64/lib/copy_to_user.o
  CC      crypto/poly1305_generic.o
  CC      arch/arm64/lib/delay.o
  CC      drivers/base/firmware_class.o
  AR      sound/soc/samsung/built-in.o
  CC      techpack/audio/asoc/msm-lsm-client.o
  CC      techpack/audio/dsp/rtac.o
  AR      sound/soc/sh/built-in.o
  AR      sound/soc/sirf/built-in.o
  AR      sound/soc/spear/built-in.o
  CC      kernel/cgroup/cpuset.o
  AR      sound/soc/sti/built-in.o
  CC      mm/page_io.o
  CC      fs/crypto/policy.o
  AR      sound/soc/stm/built-in.o
  CC      block/bio-integrity.o
  AR      sound/soc/sunxi/built-in.o
  AS      arch/arm64/lib/memchr.o
  AR      sound/soc/tegra/built-in.o
  AS      arch/arm64/lib/memcmp.o
  AR      sound/soc/txx9/built-in.o
  AS      arch/arm64/lib/memcpy.o
  AR      sound/soc/ux500/built-in.o
  AR      sound/soc/xtensa/built-in.o
  AS      arch/arm64/lib/memmove.o
  AR      kernel/bpf/built-in.o
  AR      sound/soc/zte/built-in.o
  AR      sound/soc/snd-soc-core.o
  CC      net/bpf/test_run.o
  AS      arch/arm64/lib/memset.o
  AS      arch/arm64/lib/strchr.o
  CC      crypto/deflate.o
  CC      drivers/base/module.o
  AS      arch/arm64/lib/strcmp.o
  AS      arch/arm64/lib/strlen.o
  AR      sound/soc/built-in.o
  CC      mm/swap_state.o
  AS      arch/arm64/lib/strncmp.o
  AR      sound/spi/built-in.o
  AR      sound/synth/built-in.o
  AS      arch/arm64/lib/strnlen.o
  AS      arch/arm64/lib/strrchr.o
  CC      fs/crypto/bio.o
  CC      sound/usb/card.o
  CC      arch/arm64/lib/uaccess_flushcache.o
  CC      techpack/audio/dsp/q6lsm.o
  CC      drivers/base/soc.o
  CC      block/blk-integrity.o
  CC      crypto/crc32c_generic.o
  CC      techpack/audio/asoc/msm-pcm-afe-v2.o
  AR      arch/arm64/lib/lib.a
  EXPORTS arch/arm64/lib/lib-ksyms.o
  CC      fs/crypto/inline_crypt.o
  AR      kernel/cgroup/built-in.o
  AR      net/bpf/built-in.o
  CC      kernel/events/core.o
  CC      drivers/base/pinctrl.o
  CC      drivers/block/brd.o
  AR      arch/arm64/lib/built-in.o
  CC      block/t10-pi.o
  CC      fs/debugfs/inode.o
  CC      sound/usb/clock.o
  CC      mm/swapfile.o
  CC      techpack/audio/dsp/audio_slimslave.o
  CC      crypto/crc32_generic.o
  AR      fs/crypto/fscrypto.o
  CC      drivers/base/platform-msi.o
  AR      fs/crypto/built-in.o
  CC      techpack/stub/stub.o
  CC      techpack/audio/dsp/adsp_err.o
  AR      techpack/stub/built-in.o
  CC      net/bluetooth/l2cap_sock.o
  CC      sound/usb/endpoint.o
  CC      fs/debugfs/file.o
  CC      techpack/audio/asoc/msm-pcm-dtmf-v2.o
  CC      block/blk-mq-pci.o
  CC      drivers/block/loop.o
  CC      techpack/audio/dsp/msm_audio_ion.o
  CC      kernel/irq/irqdesc.o
  CC      drivers/base/arch_topology.o
  CC      crypto/crct10dif_common.o
  AR      fs/debugfs/debugfs.o
  AR      fs/debugfs/built-in.o
  CC      fs/devpts/inode.o
  CC      crypto/crct10dif_generic.o
  CC      techpack/audio/dsp/avtimer.o
  CC      techpack/audio/asoc/msm-pcm-hostless.o
  CC      sound/usb/format.o
  AR      drivers/base/built-in.o
  CC      kernel/irq/handle.o
  CC      net/bridge/br.o
  CC      block/blk-mq-debugfs.o
  CC      net/bluetooth/smp.o
  CC      mm/swap_ratio.o
  CC      crypto/authenc.o
  CC      drivers/block/zram/zcomp.o
  AR      fs/devpts/devpts.o
  AR      fs/devpts/built-in.o
  CC      techpack/audio/asoc/msm-pcm-host-voice-v2.o
  CC      fs/ecryptfs/dentry.o
  CC      techpack/audio/dsp/q6_init.o
  CC      sound/usb/helper.o
  CC      mm/frontswap.o
  CC      kernel/irq/manage.o
  CC      drivers/block/zram/zram_drv.o
  CC      techpack/audio/dsp/sp_params.o
  CC      block/keyslot-manager.o
  CC      net/bridge/br_device.o
  CC      sound/usb/mixer.o
  CC      crypto/authencesn.o
  CC      kernel/events/ring_buffer.o
  CC      mm/zswap.o
  CC      techpack/audio/dsp/q6audio_adaptation.o
  CC      fs/ecryptfs/file.o
  CC      techpack/audio/asoc/msm-pcm-loopback-v2.o
  CC      net/bluetooth/lib.o
  AR      drivers/block/zram/zram.o
  AR      drivers/block/zram/built-in.o
  AR      drivers/block/built-in.o
  CC      drivers/bluetooth/bluetooth-power.o
  CC      kernel/irq/spurious.o
  CC      block/bio-crypt-ctx.o
  CC      mm/dmapool.o
  CC      crypto/lzo.o
  CC      kernel/events/callchain.o
  CC      net/bridge/br_fdb.o
  CC      techpack/audio/asoc/msm-pcm-q6-noirq.o
  CC      drivers/bluetooth/btfm_slim.o
  CC      sound/usb/mixer_quirks.o
  CC      fs/ecryptfs/inode.o
  CC      kernel/irq/resend.o
  CC      techpack/audio/dsp/usf.o
  CC      mm/sparse.o
  CC      block/blk-crypto.o
  CC      net/bluetooth/ecdh_helper.o
  CC      crypto/lzo-rle.o
  CC      kernel/events/hw_breakpoint.o
  CC      drivers/bluetooth/btfm_slim_codec.o
  CC      techpack/audio/asoc/msm-pcm-q6-v2.o
  CC      kernel/irq/chip.o
  CC      sound/usb/mixer_scarlett.o
  CC      crypto/lz4.o
  CC      net/bluetooth/hci_request.o
  CC      fs/ecryptfs/main.o
  AR      block/bfq.o
  AR      block/built-in.o
  CC      mm/sparse-vmemmap.o
  CC      drivers/bluetooth/btfm_slim_wcn3990.o
  AR      sound/x86/built-in.o
  CC      mm/slub.o
  CC      crypto/lz4hc.o
  CC      net/bridge/br_forward.o
  CC      kernel/events/uprobes.o
  CC      techpack/audio/dsp/usfcdev.o
  AR      drivers/bluetooth/built-in.o
  CC      sound/usb/mixer_us16x08.o
  CC      crypto/rng.o
  CC      kernel/irq/dummychip.o
  CC      drivers/bus/qcom-ebi2.o
  CC      techpack/audio/asoc/msm-pcm-routing-v2.o
  AR      kernel/livepatch/built-in.o
  CC      fs/erofs/super.o
  CC      kernel/irq/devres.o
  CC      crypto/drbg.o
  CC      techpack/audio/dsp/q6usm.o
  CC      fs/ecryptfs/super.o
  CC      drivers/bus/mhi/controllers/mhi_qcom.o
  CC      sound/usb/pcm.o
  AR      kernel/events/built-in.o
  CC      drivers/bus/mhi/controllers/mhi_arch_qcom.o
  CC      net/bluetooth/mgmt_util.o
  CC      fs/erofs/inode.o
  CC      net/bridge/br_if.o
  CC      kernel/irq/autoprobe.o
  CC      kernel/irq/irqdomain.o
  CC      techpack/audio/dsp/adsp-loader.o
  CC      fs/ecryptfs/mmap.o
  CC      crypto/jitterentropy.o
  CC      crypto/jitterentropy-kcapi.o
  CC      fs/ecryptfs/read_write.o
  AR      drivers/bus/mhi/controllers/built-in.o
  CC      fs/erofs/data.o
  CC      net/bluetooth/sco.o
  CC      kernel/irq/proc.o
  CC      techpack/audio/dsp/audio_pdr.o
  CC      drivers/bus/mhi/core/mhi_init.o
  CC      crypto/ghash-generic.o
  CC      sound/usb/proc.o
  CC      mm/migrate.o
  CC      fs/ecryptfs/crypto.o
  CC      techpack/audio/asoc/msm-pcm-voice-v2.o
  CC      techpack/audio/soc/pinctrl-wcd.o
  CC      techpack/audio/dsp/audio_notifier.o
  CC      kernel/irq/cpuhotplug.o
  CC      crypto/zstd.o
  CC      net/bridge/br_input.o
  CC      sound/usb/quirks.o
  CC      fs/erofs/namei.o
  CC      mm/page_counter.o
  CC      techpack/audio/soc/regmap-swr.o
  CC      crypto/ecc.o
  CC      techpack/audio/asoc/msm-pcm-voip-v2.o
  CC      fs/ecryptfs/keystore.o
  CC      techpack/audio/dsp/audio_ssr.o
  CC      kernel/irq/pm.o
  CC      mm/memcontrol.o
  CC      drivers/bus/mhi/core/mhi_main.o
  CC      net/bluetooth/a2mp.o
  CC      sound/usb/stream.o
  CC      fs/erofs/dir.o
  CC      techpack/audio/soc/soundwire.o
  AR      techpack/audio/dsp/q6_dlkm.o
  AR      techpack/audio/dsp/usf_dlkm.o
  AR      techpack/audio/dsp/adsp_loader_dlkm.o
  AR      techpack/audio/dsp/q6_pdr_dlkm.o
  AR      techpack/audio/dsp/q6_notifier_dlkm.o
  AR      techpack/audio/dsp/built-in.o
  CC      net/bridge/br_ioctl.o
  CC      techpack/audio/asoc/msm-transcode-loopback-q6-v2.o
  CC      kernel/irq/msi.o
  CC      fs/ecryptfs/kthread.o
  CC      lib/lockref.o
  CC      sound/usb/badd.o
  CC      fs/erofs/utils.o
  CC      techpack/audio/soc/swr-wcd-ctrl.o
  CC      lib/bcd.o
  CC      lib/div64.o
  CC      lib/sort.o
  CC      net/bluetooth/amp.o
  CC      kernel/irq/affinity.o
  CC      drivers/bus/mhi/core/mhi_pm.o
  CC      techpack/audio/asoc/platform_init.o
  CC      fs/ecryptfs/debug.o
  CC      net/bridge/br_stp.o
  CC      sound/usb/midi.o
  CC      techpack/audio/asoc/msm-pcm-routing-devdep.o
  CC      fs/erofs/xattr.o
  AR      kernel/irq/built-in.o
  CC      fs/ecryptfs/messaging.o
  CC      lib/parser.o
  CC      kernel/locking/mutex.o
  CC      lib/debug_locks.o
  CC      techpack/audio/asoc/msm-qti-pp-config.o
  CC      net/bridge/br_stp_bpdu.o
  CC      lib/random32.o
  CC      kernel/locking/semaphore.o
  CC      net/bluetooth/hci_debugfs.o
  CC      mm/swap_cgroup.o
  CC      drivers/bus/mhi/core/mhi_boot.o
  CC      fs/erofs/decompressor.o
  CC      fs/ecryptfs/miscdev.o
  CC      lib/bust_spinlocks.o
  AR      sound/usb/6fire/built-in.o
  AR      sound/usb/bcd2000/built-in.o
  AR      techpack/audio/soc/pinctrl_wcd_dlkm.o
  AR      techpack/audio/soc/swr_dlkm.o
  AR      sound/usb/caiaq/built-in.o
  AR      techpack/audio/soc/swr_ctrl_dlkm.o
  CC      kernel/locking/rwsem.o
  CC      mm/cleancache.o
  AR      sound/usb/hiface/built-in.o
  AR      techpack/audio/soc/built-in.o
  CC      sound/last.o
  AR      sound/usb/misc/built-in.o
  AR      sound/usb/usx2y/built-in.o
  CC      sound/usb/usb_audio_qmi_v01.o
  CC      lib/kasprintf.o
  CC      kernel/locking/percpu-rwsem.o
  AR      fs/ecryptfs/ecryptfs.o
  CC      sound/usb/usb_audio_qmi_svc.o
  AR      fs/ecryptfs/built-in.o
  CC      net/bridge/br_stp_if.o
  CC      drivers/ccic/ccic_notifier.o
  CC      fs/erofs/zmap.o
  CC      net/core/sock.o
  CC      lib/bitmap.o
  CC      drivers/bus/mhi/core/mhi_dtr.o
  CC      kernel/locking/spinlock.o
  CC      mm/page_isolation.o
  AR      net/bluetooth/bluetooth.o
  AR      net/bluetooth/built-in.o
  CC      kernel/locking/osq_lock.o
  CC      net/core/request_sock.o
  CC      drivers/ccic/ccic_sysfs.o
  CC      techpack/audio/asoc/sm8150.o
  CC      kernel/locking/rtmutex.o
  AR      sound/usb/snd-usb-audio.o
  AR      sound/usb/snd-usbmidi-lib.o
  AR      sound/usb/built-in.o
  CC      crypto/ecdh.o
  AR      sound/soundcore.o
  AR      drivers/bus/mhi/core/built-in.o
  CC      fs/erofs/zdata.o
  CC      drivers/bus/mhi/devices/mhi_netdev.o
  AR      sound/built-in.o
  CC      kernel/power/qos.o
  CC      lib/scatterlist.o
  CC      drivers/ccic/ccic_core.o
  CC      mm/zpool.o
  CC      net/bridge/br_stp_timer.o
  AR      drivers/cdrom/built-in.o
  CC      crypto/ecdh_helper.o
  CC      kernel/printk/printk.o
  CC      kernel/locking/rwsem-xadd.o
  CC      net/core/skbuff.o
  CC      crypto/xor.o
  CC      drivers/ccic/ccic_misc.o
  CC      techpack/audio/asoc/machine_815x_init.o
  CC      mm/zbud.o
  CC      lib/gcd.o
  CC      lib/lcm.o
  CC      drivers/bus/mhi/devices/mhi_uci.o
  CC      lib/list_sort.o
  CC      kernel/locking/qrwlock.o
  CC      techpack/audio/asoc/sec_wcd_sysfs_cb.o
  CC      kernel/power/main.o
  CC      lib/uuid.o
  CC      drivers/ccic/s2mm005_fw.o
  CC      crypto/asymmetric_keys/asymmetric_type.o
  CC      fs/erofs/lz4.o
  AR      kernel/locking/built-in.o
  CC      kernel/printk/printk_safe.o
  CC      lib/flex_array.o
  CC      net/bridge/br_netlink.o
  CC      mm/zsmalloc.o
  AR      techpack/audio/asoc/platform_dlkm.o
  CC      lib/iov_iter.o
  AR      fs/exofs/built-in.o
  AR      techpack/audio/asoc/machine_dlkm.o
  CC      net/ethernet/eth.o
  AR      drivers/bus/mhi/devices/built-in.o
  CC      crypto/asymmetric_keys/restrict.o
  AR      drivers/bus/mhi/built-in.o
  AR      techpack/audio/asoc/built-in.o
  AR      kernel/printk/built-in.o
  AR      techpack/audio/built-in.o
  CC      net/bridge/br_netlink_tunnel.o
  AR      drivers/bus/built-in.o
  AR      techpack/built-in.o
  CC      kernel/power/process.o
  CC      fs/erofs/lz4armv8/lz4accel.o
  AR      virt/lib/built-in.o
  AR      virt/built-in.o
  CC      net/ipv4/route.o
  CC      fs/exportfs/expfs.o
  AS      fs/erofs/lz4armv8/lz4armv8.o
  CC      crypto/asymmetric_keys/signature.o
  AR      fs/erofs/erofs.o
  AR      fs/erofs/built-in.o
  CC      net/core/datagram.o
  CC      drivers/ccic/s2mm005_cc.o
  CC      mm/z3fold.o
  CC      crypto/asymmetric_keys/public_key.o
  AR      fs/exportfs/exportfs.o
  AR      fs/exportfs/built-in.o
  CC      net/bridge/br_sysfs_if.o
  CC      lib/clz_ctz.o
  CC      kernel/power/suspend.o
  CC      fs/ext4/balloc.o
  CC      lib/bsearch.o
  CC      kernel/rcu/update.o
  AR      net/ethernet/built-in.o
  CC      drivers/char/mem.o
  CC      drivers/ccic/s2mm005_pd.o
  CC      crypto/async_tx/async_tx.o
  CC      net/core/stream.o
  CC      mm/early_ioremap.o
  CC      lib/find_bit.o
  ASN.1   crypto/asymmetric_keys/x509-asn1.c
  ASN.1   crypto/asymmetric_keys/x509_akid-asn1.c
  CC      crypto/asymmetric_keys/x509_public_key.o
  CC      lib/llist.o
  CC      lib/memweight.o
  CC      net/bridge/br_sysfs_br.o
  CC      lib/kfifo.o
  CC      drivers/ccic/s2mm005.o
  CC      mm/cma.o
  CC      crypto/async_tx/async_xor.o
  CC      drivers/char/random.o
  CC      kernel/rcu/sync.o
  CC      net/ipv4/inetpeer.o
  ASN.1   crypto/asymmetric_keys/pkcs7-asn1.c
  CC      crypto/asymmetric_keys/pkcs7_trust.o
  CC      kernel/power/wakelock.o
  CC      fs/ext4/bitmap.o
  CC      lib/percpu-refcount.o
  CC      crypto/asymmetric_keys/pkcs7_verify.o
  CC      net/core/scm.o
  CC      kernel/rcu/srcutree.o
  CC      drivers/ccic/ccic_alternate.o
  AR      crypto/async_tx/built-in.o
  CC      lib/percpu_ida.o
  CC      mm/frame_vector.o
  CC      kernel/power/poweroff.o
  AR      crypto/asymmetric_keys/asymmetric_keys.o
  DTC     arch/arm64/boot/dts/samsung/renovation/../../qcom/sm8150.dtb
  CC      crypto/asymmetric_keys/x509-asn1.o
  CC      crypto/asymmetric_keys/x509_akid-asn1.o
  CC      crypto/asymmetric_keys/x509_cert_parser.o
  CC      net/bridge/br_nf_core.o
  CC      drivers/char/misc.o
  CC      fs/ext4/block_validity.o
  CC      kernel/power/wakeup_reason.o
  CC      kernel/rcu/tree.o
  CC      net/ipv4/protocol.o
  CC      drivers/ccic/max77705_cc.o
  CC      net/core/gen_stats.o
  CC      crypto/asymmetric_keys/pkcs7-asn1.o
  CC      crypto/asymmetric_keys/pkcs7_parser.o
  CC      lib/rhashtable.o
  CC      mm/usercopy.o
  AR      crypto/asymmetric_keys/x509_key_parser.o
  AR      crypto/asymmetric_keys/pkcs7_message.o
  AR      crypto/asymmetric_keys/built-in.o
  CC      crypto/hash_info.o
  CC      drivers/ccic/max77705_pd.o
  AR      drivers/char/agp/built-in.o
  CC      crypto/simd.o
  CC      drivers/char/diag/diagchar_core.o
  CC      net/core/gen_estimator.o
  CC      fs/ext4/dir.o
  AR      kernel/power/built-in.o
  CC      mm/process_reclaim.o
  CC      net/bridge/br_multicast.o
  CC      fs/f2fs/dir.o
  CC      net/ipv4/ip_input.o
  AR      crypto/crypto.o
  AR      crypto/crypto_algapi.o
  AR      crypto/crypto_blkcipher.o
  AR      crypto/crypto_hash.o
  CC      crypto/rsapubkey-asn1.o
  CC      crypto/rsaprivkey-asn1.o
  CC      drivers/ccic/max77705_usbc.o
  AR      crypto/crypto_acompress.o
  AR      crypto/cryptomgr.o
  AR      crypto/jitterentropy_rng.o
  AR      crypto/ecdh_generic.o
  AR      crypto/crypto_simd.o
  CC      lib/reciprocal_div.o
  AR      crypto/rsa_generic.o
  AR      crypto/built-in.o
  CC      net/core/net_namespace.o
  CC      lib/once.o
  CC      fs/fat/cache.o
  CC      fs/ext4/ext4_jbd2.o
  CC      lib/refcount.o
  AR      mm/built-in.o
  CC      lib/usercopy.o
  CC      net/ipv6/af_inet6.o
  DTC     arch/arm64/boot/dts/samsung/renovation/../../qcom/sm8150-v2.dtb
  CC      fs/fat/dir.o
  CC      lib/errseq.o
  CC      net/ipv4/ip_fragment.o
  CC      drivers/ccic/max77705_alternate.o
  CC      lib/string_helpers.o
  CC      fs/f2fs/file.o
  CC      drivers/char/diag/diagchar_hdlc.o
  CC      kernel/rcu/rcu_segcblist.o
  CC      net/core/secure_seq.o
  CC      fs/ext4/extents.o
  CC      net/bridge/br_mdb.o
  CC      fs/fat/fatent.o
  AR      kernel/rcu/built-in.o
  CC      lib/hexdump.o
  CC      drivers/char/diag/diagfwd.o
  AR      drivers/ccic/built-in.o
  CC      kernel/sched/core.o
  CC      net/key/af_key.o
  CC      lib/kstrtox.o
  CC      net/ipv6/anycast.o
  CC      net/ipv4/ip_forward.o
  CC      fs/fat/file.o
  DTC     arch/arm64/boot/dts/samsung/renovation/sm8150-sec-system-update-overlay.dtbo
  CC      lib/pci_iomap.o
  DTC     arch/arm64/boot/dts/samsung/renovation/sm8150-sec-r3q-kor-overlay-r00.dtbo
  CC      net/core/flow_dissector.o
  CC      fs/fat/inode.o
  CC      drivers/char/diag/diagfwd_peripheral.o
  CC      net/bridge/br_switchdev.o
  DTC     arch/arm64/boot/dts/samsung/renovation/sm8150-sec-r3q-kor-overlay-r01.dtbo
  CC      lib/iomap_copy.o
  AR      net/key/built-in.o
  CC      drivers/char/hw_random/core.o
  DTC     arch/arm64/boot/dts/samsung/renovation/sm8150-sec-r3q-kor-overlay-r02.dtbo
  CC      net/ipv4/ip_options.o
  CC      net/ipv6/ip6_output.o
  CC      lib/devres.o
  CC      fs/fat/misc.o
  CC      net/bridge/br_netfilter_hooks.o
  CC      fs/f2fs/inode.o
  CC      drivers/char/hw_random/msm_rng.o
  DTC     arch/arm64/boot/dts/samsung/renovation/sm8150-sec-r3q-kor-overlay-r03.dtbo
  CC      drivers/char/diag/diagfwd_socket.o
  CC      fs/fat/nfs.o
  CC      net/core/sysctl_net_core.o
  CC      kernel/sched/loadavg.o
  CC      lib/hweight.o
  CC      lib/assoc_array.o
  CC      fs/ext4/extents_status.o
  CC      drivers/char/hw_random/cavium-rng.o
  CC      fs/fat/namei_vfat.o
  CC      net/bridge/br_netfilter_ipv6.o
  CC      net/ipv4/ip_output.o
  CC      fs/fuse/dev.o
  CC      net/core/dev.o
  CC      lib/bitrev.o
  CC      drivers/char/hw_random/cavium-rng-vf.o
  CC      lib/rational.o
  CC      lib/crc-ccitt.o
  CC      drivers/char/diag/diagfwd_rpmsg.o
  CC      fs/f2fs/namei.o
  CC      fs/fat/namei_msdos.o
  CC      net/ipv6/ip6_input.o
  CC      kernel/sched/clock.o
  CC      fs/ext4/file.o
  CC      lib/crc16.o
  AR      drivers/char/hw_random/rng-core.o
  CC      drivers/char/diag/diag_mux.o
  AR      drivers/char/hw_random/built-in.o
  CC      drivers/char/diag/diag_memorydevice.o
  CC      net/bridge/netfilter/ebtables.o
  CC      kernel/sched/cputime.o
  CC      fs/fuse/dir.o
  CC      lib/crc-t10dif.o
  AR      fs/fat/fat.o
  AR      fs/fat/vfat.o
  AR      fs/fat/msdos.o
  AR      fs/fat/built-in.o
  CC      kernel/time/time.o
  CC      fs/ext4/fsmap.o
  CC      net/ipv4/ip_sockglue.o
  AR      drivers/char/ipmi/built-in.o
  CC      drivers/char/diag/diag_usb.o
  CC      net/l2tp/l2tp_core.o
  CC      net/ipv6/addrconf.o
  HOSTCC  lib/gen_crc32table
  CC      kernel/sched/idle_task.o
  CC      lib/libcrc32c.o
  CC      fs/fuse/file.o
  CC      fs/f2fs/hash.o
  CC      drivers/char/diag/diagmem.o
  CC      kernel/time/timer.o
  CC      lib/crc8.o
  CC      kernel/sched/fair.o
  CC      drivers/char/diag/diagfwd_cntl.o
  CC      net/bridge/netfilter/ebtable_broute.o
  CC      net/l2tp/l2tp_ppp.o
  CC      lib/xxhash.o
  CC      fs/f2fs/super.o
  CC      fs/ext4/fsync.o
  CC      net/ipv4/inet_hashtables.o
  CC      fs/fuse/inode.o
  CC      lib/genalloc.o
  AR      net/bridge/netfilter/built-in.o
  AR      net/bridge/bridge.o
  AR      net/bridge/br_netfilter.o
  AR      net/bridge/built-in.o
  CC      fs/fuse/control.o
  CC      drivers/char/diag/diag_dci.o
  CC      kernel/time/hrtimer.o
  CC      fs/ext4/hash.o
  CC      net/core/ethtool.o
  CC      net/ipv4/inet_timewait_sock.o
  CC      lib/crypto/blake2s.o
  CC      drivers/char/adsprpc.o
  CC      fs/fuse/xattr.o
  CC      net/ipv6/addrlabel.o
  CC      net/l2tp/l2tp_ip.o
  CC      lib/crypto/blake2s-generic.o
  CC      kernel/time/timekeeping.o
  CC      fs/ext4/ialloc.o
  CC      fs/fuse/acl.o
  CC      drivers/char/diag/diag_masks.o
  AR      lib/crypto/libblake2s.o
  CC      net/core/dev_addr_lists.o
  CC      net/ipv4/inet_connection_sock.o
  AR      lib/crypto/built-in.o
  CC      net/l2tp/l2tp_netlink.o
  CC      lib/lz4/lz4_compress.o
  CC      net/ipv6/route.o
  AR      fs/fuse/fuse.o
  AR      fs/fuse/built-in.o
  CC      fs/f2fs/inline.o
  CC      drivers/char/diag/diag_debugfs.o
  CC      kernel/time/ntp.o
  CC      kernel/trace/trace_clock.o
  CC      lib/lz4/lz4hc_compress.o
  CC      fs/ext4/indirect.o
  CC      net/core/dst.o
  CC      net/l2tp/l2tp_eth.o
  CC      kernel/trace/ftrace.o
  CC      net/ipv4/tcp.o
  CC      kernel/time/clocksource.o
  CC      lib/lz4/lz4_decompress.o
  CC      drivers/char/diag/diag_pcie.o
  CC      kernel/sched/rt.o
  CC      fs/f2fs/checkpoint.o
  CC      net/core/netevent.o
  AR      lib/lz4/built-in.o
  CC      fs/ext4/inline.o
  CC      lib/lzo/lzo1x_compress.o
  CC      kernel/time/jiffies.o
  CC      drivers/char/diag/diagfwd_bridge.o
  CC      net/l2tp/l2tp_ip6.o
  CC      kernel/time/timer_list.o
  CC      net/ipv6/ip6_fib.o
  CC      kernel/sched/deadline.o
  CC      net/core/neighbour.o
  CC      kernel/time/timeconv.o
  CC      drivers/char/diag/diagfwd_mhi.o
  CC      fs/f2fs/gc.o
  CC      net/ipv6/ipv6_sockglue.o
  CC      net/ipv4/tcp_input.o
  CC      fs/ext4/inode.o
  CC      kernel/sched/wait.o
  CC      kernel/time/timecounter.o
  CC      kernel/trace/ring_buffer.o
  CC      kernel/time/alarmtimer.o
  AR      net/l2tp/built-in.o
  CC      fs/incfs/data_mgmt.o
  DTBOIMG arch/arm64/boot/dtbo.img
  CC      kernel/sched/wait_bit.o
  CC      lib/mpi/generic_mpih-lshift.o
  AR      drivers/char/diag/diagchar.o
  AR      drivers/char/diag/built-in.o
  CC      drivers/char/adsprpc_compat.o
  CC      kernel/sched/swait.o
  CC      kernel/time/posix-timers.o
  CC      net/ipv6/ndisc.o
  CC      lib/mpi/generic_mpih-mul1.o
  CC      kernel/sched/completion.o
  CC      fs/incfs/format.o
  CC      drivers/char/fastcvpd.o
  CC      kernel/sched/idle.o
  CC      net/core/rtnetlink.o
  CC      lib/mpi/generic_mpih-mul2.o
  CC      kernel/trace/trace.o
  CC      kernel/time/posix-cpu-timers.o
  CC      lib/mpi/generic_mpih-mul3.o
  AR      drivers/char/built-in.o
  CC      drivers/clk/clk-devres.o
  CC      fs/incfs/integrity.o
  CC      net/ipv6/udp.o
  CC      lib/lzo/lzo1x_decompress_safe.o
  CC      lib/mpi/generic_mpih-rshift.o
  CC      drivers/clk/clk-bulk.o
  CC      kernel/sched/cpupri.o
  AR      lib/lzo/lzo_compress.o
  CC      fs/incfs/main.o
  AR      lib/lzo/lzo_decompress.o
  CC      kernel/time/posix-clock.o
  AR      lib/lzo/built-in.o
  CC      net/ipv4/tcp_output.o
  CC      fs/ext4/ioctl.o
  CC      fs/f2fs/data.o
  CC      fs/incfs/vfs.o
  CC      kernel/freezer.o
  CC      drivers/clk/clkdev.o
  CC      lib/mpi/generic_mpih-sub1.o
  CC      kernel/time/itimer.o
  CC      kernel/sched/cpudeadline.o
  CC      net/core/utils.o
  CC      drivers/clk/clk.o
  CC      lib/mpi/generic_mpih-add1.o
  CC      net/ipv6/udplite.o
  CC      kernel/sched/topology.o
  CC      kernel/trace/trace_output.o
  CC      fs/ext4/mballoc.o
  CC      fs/ext4/migrate.o
  CC      kernel/time/clockevents.o
  CC      net/ipv4/tcp_timer.o
  CC      net/core/link_watch.o
  CC      lib/mpi/mpicoder.o
  AR      fs/incfs/incrementalfs.o
  AR      fs/incfs/built-in.o
  CC      lib/reed_solomon/reed_solomon.o
  CC      kernel/time/tick-common.o
  CC      net/ipv6/raw.o
  CC      kernel/trace/trace_seq.o
  CC      net/llc/llc_core.o
  CC      kernel/sched/stop_task.o
  CC      lib/mpi/mpi-bit.o
  CC      net/ipv4/tcp_ipv4.o
  CC      net/core/filter.o
  AR      lib/reed_solomon/built-in.o
  CC      net/ipv4/tcp_minisocks.o
  CC      kernel/trace/trace_stat.o
  CC      kernel/sched/sched_avg.o
  CC      kernel/time/tick-broadcast.o
  CC      lib/mpi/mpi-cmp.o
  CC      drivers/clk/clk-divider.o
  CC      net/llc/llc_input.o
  CC      fs/f2fs/node.o
  CC      fs/ext4/mmp.o
  CC      lib/mpi/mpih-cmp.o
  CC      kernel/trace/trace_printk.o
  CC      net/ipv6/icmp.o
  CC      kernel/time/tick-broadcast-hrtimer.o
  CC      drivers/clocksource/timer-of.o
  CC      drivers/clk/clk-fixed-factor.o
  CC      kernel/sched/energy.o
  CC      net/llc/llc_output.o
  CC      drivers/clk/clk-fixed-rate.o
  CC      net/ipv4/tcp_cong.o
  CC      net/core/sock_diag.o
  CC      fs/ext4/move_extent.o
  CC      lib/mpi/mpih-div.o
  CC      kernel/time/sched_clock.o
  CC      drivers/clocksource/timer-probe.o
  CC      kernel/trace/trace_sched_switch.o
  CC      drivers/clk/clk-gate.o
  CC      kernel/time/tick-oneshot.o
  CC      fs/ext4/namei.o
  CC      kernel/sched/walt.o
  CC      net/core/dev_ioctl.o
  AR      net/llc/llc.o
  AR      net/llc/built-in.o
  CC      drivers/clocksource/arm_arch_timer.o
  CC      lib/mpi/mpih-mul.o
  CC      net/ipv4/tcp_metrics.o
  CC      net/ipv6/mcast.o
  CC      drivers/clk/clk-multiplier.o
  CC      net/netfilter/core.o
  CC      kernel/trace/trace_functions.o
  CC      kernel/time/tick-sched.o
  CC      net/core/tso.o
  CC      fs/f2fs/segment.o
  CC      lib/mpi/mpi-pow.o
  CC      drivers/clk/clk-mux.o
  CC      drivers/clocksource/dummy_timer.o
  CC      kernel/trace/trace_irqsoff.o
  CC      drivers/clk/clk-composite.o
  CC      lib/mpi/mpiutil.o
  CC      kernel/time/timekeeping_debug.o
  AR      drivers/clocksource/built-in.o
  CC      kernel/sched/boost.o
  CC      fs/jbd2/transaction.o
  CC      net/core/sock_reuseport.o
  CC      net/netfilter/nf_log.o
  CC      kernel/trace/trace_sched_wakeup.o
  CC      drivers/clk/clk-fractional-divider.o
  CC      net/ipv4/tcp_fastopen.o
  AR      lib/mpi/mpi.o
  AR      lib/mpi/built-in.o
  CC      lib/zlib_deflate/deflate.o
  CC      fs/ext4/page-io.o
  AR      kernel/time/built-in.o
  CC      kernel/trace/trace_nop.o
  CC      net/netlink/af_netlink.o
  CC      kernel/sched/tune.o
  CC      net/ipv6/reassembly.o
  CC      drivers/clk/clk-gpio.o
  CC      lib/zlib_deflate/deftree.o
  CC      fs/jbd2/commit.o
  CC      net/core/fib_notifier.o
  CC      net/netfilter/nf_queue.o
  CC      lib/zlib_deflate/deflate_syms.o
  CC      kernel/trace/blktrace.o
  CC      drivers/clk/clk-conf.o
  CC      kernel/sched/cpuacct.o
  AR      lib/zlib_deflate/zlib_deflate.o
  AR      lib/zlib_deflate/built-in.o
  CC      lib/zlib_inflate/inffast.o
  CC      fs/ext4/readpage.o
  CC      net/ipv4/tcp_rate.o
  CC      net/core/net-sysfs.o
  CC      kernel/sched/cpufreq.o
  CC      lib/zlib_inflate/inflate.o
  CC      net/ipv6/tcp_ipv6.o
  CC      fs/jbd2/recovery.o
  CC      drivers/clk/clk-xgene.o
  CC      kernel/trace/trace_events.o
  CC      net/netfilter/nf_sockopt.o
  CC      lib/zlib_inflate/infutil.o
  CC      fs/f2fs/recovery.o
  CC      fs/ext4/resize.o
  CC      kernel/sched/cpufreq_schedutil.o
  CC      lib/zlib_inflate/inftrees.o
  CC      net/netlink/genetlink.o
  AR      drivers/clk/bcm/built-in.o
  CC      lib/zlib_inflate/inflate_syms.o
  AR      drivers/clk/imgtec/built-in.o
  CC      net/ipv4/tcp_recovery.o
  AR      drivers/clk/msm/built-in.o
  CC      fs/jbd2/checkpoint.o
  AR      drivers/clk/mvebu/built-in.o
  CC      net/ipv6/ping.o
  CC      drivers/clk/qcom/common.o
  AR      lib/zlib_inflate/zlib_inflate.o
  AR      lib/zlib_inflate/built-in.o
  CC      lib/zstd/fse_compress.o
  CC      net/core/net-procfs.o
  CC      net/netfilter/nfnetlink.o
  CC      drivers/clk/qcom/clk-regmap.o
  CC      fs/ext4/super.o
  CC      kernel/sched/membarrier.o
  CC      kernel/trace/trace_export.o
  CC      net/ipv6/exthdrs.o
  CC      drivers/clk/qcom/clk-alpha-pll.o
  AR      net/netlink/built-in.o
  CC      lib/zstd/huf_compress.o
  CC      fs/jbd2/revoke.o
  CC      drivers/connector/cn_queue.o
  CC      fs/f2fs/shrinker.o
  CC      net/ipv4/tcp_ulp.o
  CC      net/netfilter/nfnetlink_queue.o
  CC      net/core/fib_rules.o
  CC      kernel/trace/trace_event_perf.o
  CC      kernel/sched/psi.o
  CC      lib/zstd/compress.o
  CC      drivers/clk/qcom/clk-pll.o
  CC      fs/jbd2/journal.o
  CC      fs/f2fs/extent_cache.o
  CC      net/ipv6/datagram.o
  CC      drivers/connector/connector.o
  CC      kernel/trace/trace_events_filter.o
  CC      net/ipv4/tcp_offload.o
  CC      drivers/clk/qcom/clk-rcg.o
  AR      kernel/sched/built-in.o
  CC      lib/zstd/entropy_common.o
  CC      net/core/net-traces.o
  CC      fs/kernfs/mount.o
  CC      net/netfilter/nfnetlink_log.o
  CC      drivers/connector/cn_proc.o
  CC      net/ipv6/ip6_flowlabel.o
  CC      drivers/clk/qcom/clk-rcg2.o
  CC      fs/kernfs/inode.o
  CC      fs/f2fs/sysfs.o
  AR      fs/jbd2/jbd2.o
  CC      kernel/trace/trace_events_trigger.o
  AR      fs/jbd2/built-in.o
  CC      net/netfilter/nf_conntrack_core.o
  CC      net/ipv4/datagram.o
  AR      drivers/connector/cn.o
  AR      drivers/connector/built-in.o
  CC      lib/textsearch.o
  CC      net/ipv6/inet6_connection_sock.o
  CC      fs/kernfs/dir.o
  CC      drivers/clk/qcom/clk-branch.o
  CC      net/core/sockev_nlmcast.o
  CC      fs/ext4/symlink.o
  CC      net/packet/af_packet.o
  CC      drivers/cpufreq/cpufreq.o
  CC      drivers/clk/qcom/clk-regmap-divider.o
  CC      fs/f2fs/debug.o
  CC      kernel/trace/bpf_trace.o
  CC      drivers/clk/qcom/clk-regmap-mux.o
  CC      net/core/dst_cache.o
  CC      net/ipv4/raw.o
  CC      fs/ext4/sysfs.o
  CC      fs/kernfs/file.o
  CC      drivers/clk/qcom/clk-regmap-mux-div.o
  CC      net/ipv6/udp_offload.o
  CC      net/netfilter/nf_conntrack_standalone.o
  CC      drivers/cpufreq/freq_table.o
  CC      drivers/clk/qcom/reset.o
  CC      drivers/clk/qcom/clk-voter.o
  CC      fs/ext4/xattr.o
  CC      kernel/trace/trace_kprobe.o
  CC      drivers/cpufreq/cpufreq_stats.o
  CC      net/core/gro_cells.o
  CC      fs/kernfs/symlink.o
  CC      fs/f2fs/xattr.o
  CC      net/ipv6/seg6.o
  CC      drivers/clk/qcom/clk-dummy.o
  AR      fs/kernfs/built-in.o
  CC      lib/zstd/fse_decompress.o
  CC      net/ipv4/udp.o
  CC      net/netfilter/nf_conntrack_expect.o
  AR      drivers/clk/renesas/built-in.o
  AR      net/packet/built-in.o
  CC      kernel/profile.o
  CC      net/qrtr/qrtr.o
  CC      drivers/cpufreq/cpufreq_performance.o
  CC      drivers/clk/qcom/clk-debug.o
  AR      net/core/built-in.o
  CC      lib/ts_kmp.o
  CC      net/ipv6/fib6_notifier.o
  CC      drivers/cpufreq/cpufreq_powersave.o
  CC      kernel/trace/power-traces.o
  CC      fs/f2fs/acl.o
  CC      fs/ext4/xattr_trusted.o
  CC      fs/nls/nls_base.o
  CC      drivers/cpuidle/cpuidle.o
  CC      drivers/clk/qcom/gdsc-regulator.o
  CC      drivers/cpufreq/cpufreq_userspace.o
  CC      net/ipv6/sysctl_net_ipv6.o
  CC      drivers/cpufreq/cpufreq_ondemand.o
  CC      fs/nls/nls_cp437.o
  CC      fs/f2fs/verity.o
  CC      fs/ext4/xattr_user.o
  CC      net/netfilter/nf_conntrack_helper.o
  CC      net/qrtr/smd.o
  CC      fs/nls/nls_iso8859-1.o
  CC      drivers/cpufreq/cpufreq_conservative.o
  CC      kernel/trace/rpm-traces.o
  CC      drivers/clk/qcom/clk-cpu-osm.o
  CC      net/ipv6/xfrm6_policy.o
  CC      drivers/cpuidle/driver.o
  CC      fs/ext4/acl.o
  CC      fs/f2fs/compress.o
  CC      fs/nls/nls_utf8.o
  CC      drivers/cpufreq/cpufreq_governor.o
  CC      kernel/trace/trace_probe.o
  CC      net/qrtr/mhi.o
  CC      drivers/cpuidle/governor.o
  CC      drivers/clk/qcom/camcc-sm8150.o
  AR      fs/nls/built-in.o
  CC      net/netfilter/nf_conntrack_proto.o
  CC      net/ipv4/udplite.o
  CC      lib/zstd/zstd_common.o
  CC      drivers/cpuidle/sysfs.o
  CC      drivers/cpufreq/cpufreq_governor_attr_set.o
  AR      drivers/clk/ti/built-in.o
  CC      fs/ext4/xattr_security.o
  CC      net/rfkill/core.o
  CC      net/ipv6/xfrm6_state.o
  CC      kernel/trace/trace_uprobe.o
  CC      drivers/clk/qcom/clk-aop-qmp.o
  CC      net/qrtr/fifo.o
  AR      drivers/cpufreq/built-in.o
  CC      drivers/clk/qcom/clk-rpmh.o
  CC      drivers/cpuidle/governors/menu.o
  CC      net/ipv4/udp_offload.o
  CC      kernel/stacktrace.o
  AR      drivers/cpuidle/governors/built-in.o
  CC      drivers/cpuidle/dt_idle_states.o
  CC      drivers/clk/qcom/dispcc-sm8150.o
  CC      fs/ext4/verity.o
  AR      net/rfkill/rfkill.o
  CC      kernel/trace/msm_rtb.o
  AR      net/rfkill/built-in.o
  CC      net/ipv6/xfrm6_input.o
  CC      net/netfilter/nf_conntrack_l3proto_generic.o
  CC      lib/ts_bm.o
  CC      net/netfilter/nf_conntrack_proto_generic.o
  AR      fs/f2fs/f2fs.o
  AR      fs/f2fs/built-in.o
  CC      lib/zstd/huf_decompress.o
  AR      net/qrtr/qrtr-smd.o
  AR      net/qrtr/qrtr-mhi.o
  AR      net/qrtr/qrtr-fifo.o
  AR      net/qrtr/built-in.o
  CC      net/netfilter/nf_conntrack_proto_tcp.o
  CC      drivers/cpuidle/cpuidle-arm.o
  CC      drivers/clk/qcom/gcc-sm8150.o
  CC      drivers/crypto/msm/qce50.o
  CC      net/ipv4/arp.o
  AR      kernel/trace/libftrace.o
  AR      kernel/trace/built-in.o
  CC      kernel/futex.o
  AR      fs/ext4/ext4.o
  CC      drivers/crypto/msm/qcedev_smmu.o
  AR      fs/ext4/built-in.o
  CC      fs/notify/fsnotify.o
  CC      drivers/cpuidle/lpm-levels.o
  CC      net/ipv6/xfrm6_output.o
  CC      drivers/clk/qcom/gpucc-sm8150.o
  CC      fs/ntfs/aops.o
  CC      fs/notify/notification.o
  CC      drivers/dax/super.o
  CC      drivers/clk/qcom/npucc-sm8150.o
  CC      net/netfilter/nf_conntrack_proto_udp.o
  CC      net/ipv4/icmp.o
  CC      fs/ntfs/attrib.o
  CC      fs/notify/group.o
  AR      drivers/dax/dax.o
  CC      net/ipv6/xfrm6_protocol.o
  AR      drivers/dax/built-in.o
  CC      fs/ntfs/collate.o
  CC      drivers/clk/qcom/videocc-sm8150.o
  CC      kernel/smp.o
  CC      fs/notify/mark.o
  CC      net/netfilter/nf_conntrack_extend.o
  CC      lib/zstd/decompress.o
  CC      drivers/cpuidle/lpm-levels-of.o
  CC      lib/ts_fsm.o
  CC      drivers/clk/qcom/clk-spmi-pmic-div.o
  CC      fs/ntfs/compress.o
  CC      kernel/uid16.o
  CC      fs/notify/fdinfo.o
  CC      net/ipv6/netfilter.o
  CC      net/netfilter/nf_conntrack_acct.o
  CC      net/ipv4/devinet.o
  CC      drivers/clk/qcom/mdss/mdss-pll-util.o
  CC      net/sched/sch_generic.o
  CC      fs/overlayfs/super.o
  AR      drivers/cpuidle/built-in.o
  CC      drivers/crypto/msm/qcedev.o
  AR      lib/zstd/zstd_compress.o
  CC      kernel/module.o
  AR      lib/zstd/zstd_decompress.o
  CC      fs/notify/dnotify/dnotify.o
  AR      lib/zstd/built-in.o
  CC      lib/percpu_counter.o
  CC      fs/ntfs/debug.o
  CC      net/netfilter/nf_conntrack_seqadj.o
  CC      lib/swiotlb.o
  AR      fs/notify/dnotify/built-in.o
  AR      fs/notify/fanotify/built-in.o
  CC      fs/overlayfs/namei.o
  CC      fs/notify/inotify/inotify_fsnotify.o
  CC      drivers/clk/qcom/mdss/mdss-pll.o
  CC      fs/ntfs/dir.o
  CC      net/ipv6/fib6_rules.o
  CC      net/sched/sch_mq.o
  CC      fs/overlayfs/util.o
  CC      fs/notify/inotify/inotify_user.o
  CC      net/ipv4/af_inet.o
  CC      net/netfilter/nf_conntrack_ecache.o
  CC      drivers/clk/qcom/mdss/mdss-dsi-pll-10nm.o
  CC      net/sctp/sm_statetable.o
  CC      fs/ntfs/file.o
  CC      fs/overlayfs/inode.o
  CC      lib/iommu-helper.o
  CC      lib/iommu-common.o
  CC      net/ipv6/proc.o
  CC      net/netfilter/nf_conntrack_proto_dccp.o
  CC      net/sched/sch_api.o
  AR      fs/notify/inotify/built-in.o
  AR      fs/notify/built-in.o
  CC      kernel/module_signing.o
  CC      net/ipv6/syncookies.o
  CC      drivers/crypto/msm/qcrypto.o
  CC      fs/overlayfs/dir.o
  CC      kernel/kallsyms.o
  CC      net/sctp/sm_statefuns.o
  CC      lib/syscall.o
  CC      fs/ntfs/index.o
  CC      net/ipv4/igmp.o
  CC      net/netfilter/nf_conntrack_proto_sctp.o
  CC      lib/dynamic_debug.o
  CC      drivers/clk/qcom/mdss/mdss-dp-pll-10nm.o
  CC      fs/ntfs/inode.o
  CC      fs/overlayfs/readdir.o
  CC      net/sched/sch_blackhole.o
  CC      kernel/compat.o
  CC      net/ipv6/ah6.o
  CC      drivers/clk/qcom/mdss/mdss-dp-pll-10nm-util.o
  AR      drivers/clk/qcom/clk-qcom.o
  CC      drivers/devfreq/devfreq.o
  CC      net/netfilter/nf_conntrack_proto_gre.o
  CC      fs/overlayfs/copy_up.o
  CC      net/sctp/sm_sideeffect.o
  CC      lib/nlattr.o
  CC      net/sched/cls_api.o
  AR      drivers/crypto/msm/qcedevice.o
  AR      drivers/crypto/msm/built-in.o
  AR      drivers/crypto/built-in.o
  CC      net/ipv4/fib_frontend.o
  CC      kernel/utsname.o
  CC      fs/ntfs/mft.o
  CC      drivers/clk/qcom/mdss/mdss-dsi-pll-7nm.o
  AR      fs/overlayfs/overlay.o
  CC      drivers/devfreq/governor_simpleondemand.o
  AR      fs/overlayfs/built-in.o
  CC      drivers/devfreq/governor_performance.o
  CC      net/ipv6/esp6.o
  CC      net/netfilter/nf_conntrack_netlink.o
  CC      net/sctp/protocol.o
  GZIP    kernel/config_data.gz
  CC      kernel/stop_machine.o
  CC      lib/checksum.o
  CC      net/switchdev/switchdev.o
  CC      net/sched/act_api.o
  CC      drivers/devfreq/governor_powersave.o
  CC      lib/cpu_rmap.o
  CC      fs/ntfs/mst.o
  CC      drivers/dma/dmaengine.o
  CC      kernel/kprobes.o
  CC      lib/dynamic_queue_limits.o
  CC      drivers/devfreq/governor_userspace.o
  CC      net/ipv4/fib_semantics.o
  AR      net/switchdev/built-in.o
  CC      drivers/devfreq/governor_passive.o
  CC      lib/glob.o
  CC      drivers/clk/qcom/mdss/mdss-dp-pll-7nm.o
  CC      net/sctp/endpointola.o
  CC      fs/ntfs/namei.o
  CC      net/sched/act_police.o
  CC      net/ipv6/ipcomp6.o
  CC      lib/digsig.o
  CC      drivers/clk/qcom/mdss/mdss-dp-pll-7nm-util.o
  CC      drivers/dma/virt-dma.o
  CC      drivers/devfreq/governor_msm_adreno_tz.o
  CC      fs/proc/task_mmu.o
  CC      net/netfilter/nf_conntrack_amanda.o
  CC      kernel/seccomp.o
  CC      fs/ntfs/runlist.o
  CC      net/sctp/associola.o
  CC      lib/strncpy_from_user.o
  CC      drivers/clk/qcom/mdss/mdss-dsi-pll-28lpm.o
  CC      drivers/dma/of-dma.o
  CC      net/sched/act_gact.o
  CC      drivers/devfreq/governor_bw_vbif.o
  CC      fs/proc/inode.o
  CC      lib/strnlen_user.o
  CC      net/ipv6/xfrm6_tunnel.o
  CC      net/ipv4/fib_trie.o
  CC      drivers/clk/qcom/mdss/mdss-dsi-pll-28nm-util.o
  CC      fs/ntfs/super.o
  CC      drivers/devfreq/governor_gpubw_mon.o
  CC      drivers/dma/qcom/gpi.o
  CC      net/netfilter/nf_conntrack_ftp.o
  CC      fs/proc/root.o
  CC      net/sctp/transport.o
  CC      kernel/utsname_sysctl.o
  CC      lib/net_utils.o
  CC      net/sched/act_mirred.o
  CC      drivers/devfreq/bimc-bwmon.o
  CC      drivers/clk/qcom/mdss/mdss-dsi-pll-14nm.o
  CC      kernel/taskstats.o
  CC      fs/proc/base.o
  CC      lib/sg_pool.o
  CC      net/ipv6/tunnel6.o
  CC      drivers/devfreq/arm-memlat-mon.o
  CC      fs/ntfs/sysctl.o
  CC      drivers/clk/qcom/mdss/mdss-dsi-pll-14nm-util.o
  CC      fs/ntfs/unistr.o
  CC      lib/asn1_decoder.o
  CC      net/sched/act_skbedit.o
  CC      net/netfilter/nf_conntrack_h323_main.o
  CC      net/ipv4/fib_notifier.o
  CC      net/sctp/chunk.o
  AR      drivers/dma/qcom/built-in.o
  AR      drivers/dma/xilinx/built-in.o
  AR      drivers/dma/built-in.o
  CC      drivers/devfreq/msmcci-hwmon.o
  GEN     lib/oid_registry_data.c
  CC      lib/sbitmap.o
  CC      fs/pstore/inode.o
  CC      kernel/tsacct.o
  CC      fs/ntfs/upcase.o
  CC      drivers/clk/qcom/mdss/mdss-dp-pll-14nm.o
  CC      drivers/devfreq/m4m-hwmon.o
  CC      net/ipv4/inet_fragment.o
  CC      fs/proc/generic.o
  CC      net/ipv6/xfrm6_mode_transport.o
  CC      net/sched/act_bpf.o
  CC      net/sctp/sm_make_chunk.o
  AR      fs/ntfs/ntfs.o
  CC      fs/pstore/platform.o
  AR      fs/ntfs/built-in.o
  CC      fs/pstore/pmsg.o
  CC      kernel/tracepoint.o
  CC      drivers/devfreq/governor_bw_hwmon.o
  CC      lib/argv_split.o
  CC      drivers/clk/qcom/mdss/mdss-hdmi-pll-28lpm.o
  CC      lib/bug.o
  CC      net/netfilter/nf_conntrack_h323_asn1.o
  CC      fs/proc/array.o
  CC      fs/pstore/ram.o
  CC      net/unix/af_unix.o
  CC      net/ipv4/ping.o
  CC      lib/chacha.o
  CC      kernel/irq_work.o
  CC      net/sched/sch_fifo.o
  CC      net/netfilter/nf_conntrack_irc.o
  CC      net/ipv6/xfrm6_mode_tunnel.o
  CC      kernel/cpu_pm.o
  CC      drivers/clk/qcom/mdss/mdss-dsi-pll-12nm.o
  CC      lib/clz_tab.o
  CC      lib/cmdline.o
  CC      drivers/devfreq/governor_cache_hwmon.o
  CC      kernel/scs.o
  CC      lib/cpumask.o
  CC      fs/pstore/ram_core.o
  CC      net/sched/sch_htb.o
  CC      net/ipv4/ip_tunnel_core.o
  CC      drivers/clk/qcom/mdss/mdss-dsi-pll-12nm-util.o
  CC      fs/proc/fd.o
  CC      net/ipv6/xfrm6_mode_beet.o
  CC      kernel/jump_label.o
  CC      lib/ctype.o
  CC      net/sctp/ulpevent.o
  CC      lib/dec_and_lock.o
  CC      net/netfilter/nf_conntrack_broadcast.o
  CC      lib/decompress.o
  CC      drivers/devfreq/governor_memlat.o
  CC      lib/decompress_bunzip2.o
  AR      fs/pstore/pstore.o
  CC      net/unix/garbage.o
  AR      fs/pstore/ramoops.o
  AR      fs/pstore/built-in.o
  CC      net/ipv4/gre_offload.o
  CC      fs/proc/proc_tty.o
  CC      drivers/dma-buf/dma-buf.o
  CC      kernel/memremap.o
  AR      drivers/clk/qcom/mdss/built-in.o
  AR      drivers/clk/qcom/built-in.o
  AR      drivers/clk/built-in.o
  CC      net/ipv4/ip_tunnel.o
  CC      net/sched/sch_ingress.o
  CC      net/sctp/inqueue.o
  CC      fs/proc/cmdline.o
  CC      net/ipv6/mip6.o
  CC      drivers/devfreq/governor_cdsp_l3.o
  CC      net/netfilter/nf_conntrack_netbios_ns.o
  CHK     kernel/config_data.h
  UPD     kernel/config_data.h
  CC      kernel/configs.o
  CC      fs/proc/consoles.o
  CC      net/unix/sysctl_net_unix.o
  CC      net/wireguard/main.o
  CC      drivers/dma-buf/dma-fence.o
  CC      lib/decompress_inflate.o
  CC      net/sctp/outqueue.o
  CC      net/sched/sch_tbf.o
  AR      kernel/built-in.o
  CC      lib/decompress_unlz4.o
  CC      drivers/devfreq/devfreq_devbw.o
  CC      fs/proc/cpuinfo.o
  CC      net/ipv4/sysctl_net_ipv4.o
  CC      fs/quota/dquot.o
  CC      drivers/dma-buf/dma-fence-array.o
  CC      lib/decompress_unlzma.o
  CC      fs/proc/devices.o
  CC      net/ipv6/netfilter/ip6_tables.o
  CC      net/sched/sch_prio.o
  CC      net/unix/scm.o
  CC      net/netfilter/nf_conntrack_pptp.o
  CC      drivers/dma-buf/reservation.o
  CC      fs/proc/interrupts.o
  CC      net/wireguard/noise.o
  CC      drivers/devfreq/devfreq_simple_dev.o
  CC      net/sctp/ulpqueue.o
  CC      fs/proc/loadavg.o
  CC      drivers/dma-buf/seqno-fence.o
  CC      lib/dump_stack.o
  CC      net/ipv4/proc.o
  CC      lib/earlycpio.o
  CC      lib/extable.o
  CC      drivers/dma-buf/sync_file.o
  AR      net/unix/unix.o
  CC      net/sched/sch_multiq.o
  AR      net/unix/built-in.o
  CC      net/ipv6/netfilter/ip6table_filter.o
  CC      fs/proc/meminfo.o
  AR      drivers/devfreq/built-in.o
  CC      net/wireguard/device.o
  CC      lib/fdt.o
  CC      net/netfilter/nf_conntrack_sane.o
  CC      fs/quota/quota_v2.o
  CC      net/ipv4/fib_rules.o
  CC      lib/fdt_empty_tree.o
  CC      net/sctp/tsnmap.o
  CC      lib/fdt_ro.o
  CC      net/sched/sch_fq_codel.o
  CC      fs/quota/quota_tree.o
  CC      lib/fdt_rw.o
  AR      drivers/dma-buf/built-in.o
  CC      net/wireless/core.o
  CC      drivers/edac/edac_mc.o
  CC      fs/proc/stat.o
  CC      lib/fdt_strerror.o
  CC      lib/fdt_sw.o
  CC      fs/ramfs/inode.o
  CC      lib/fdt_wip.o
  CC      net/ipv6/netfilter/ip6table_mangle.o
  CC      lib/flex_proportions.o
  CC      fs/proc/uptime.o
  CC      net/sctp/bind_addr.o
  CC      net/netfilter/nf_conntrack_tftp.o
  CC      fs/quota/quota.o
  CC      net/ipv4/gre_demux.o
  CC      lib/idr.o
  CC      fs/ramfs/file-mmu.o
  CC      fs/proc/version.o
  CC      net/wireguard/peer.o
  CC      lib/int_sqrt.o
  CC      net/sched/sch_fq.o
  CC      lib/ioremap.o
  AR      fs/ramfs/ramfs.o
  AR      fs/ramfs/built-in.o
  CC      net/ipv6/ip6_vti.o
  CC      fs/proc/softirqs.o
  CC      net/sctp/socket.o
  CC      drivers/edac/edac_device.o
  CC      net/ipv6/netfilter/ip6table_raw.o
  CC      fs/quota/kqid.o
  CC      net/netfilter/nf_log_common.o
  CC      net/wireless/sysfs.o
  CC      lib/irq_regs.o
  CC      fs/proc/namespaces.o
  CC      net/ipv4/udp_tunnel.o
  CC      fs/quota/netlink.o
  CC      lib/is_single_threaded.o
  CC      net/wireguard/timers.o
  CC      drivers/edac/edac_mc_sysfs.o
  CC      net/xfrm/xfrm_policy.o
  CC      fs/proc/self.o
  CC      net/sched/cls_u32.o
  CC      lib/klist.o
  CC      net/ipv6/netfilter/ip6table_nat.o
  CC      net/ipv4/ip_vti.o
  CC      fs/proc/thread_self.o
  AR      fs/quota/built-in.o
  CC      fs/proc/uid.o
  CC      lib/kobject.o
  CC      net/netfilter/nf_nat_core.o
  CC      net/wireguard/queueing.o
  CC      net/wireless/radiotap.o
  CC      drivers/esoc/esoc_bus.o
  CC      fs/proc/proc_sysctl.o
  CC      drivers/edac/edac_module.o
  CC      lib/kobject_uevent.o
  CC      net/sched/cls_fw.o
  CC      drivers/esoc/esoc_dev.o
  CC      net/ipv6/netfilter/nf_conntrack_l3proto_ipv6.o
  CC      net/wireless/util.o
  CC      net/ipv4/syncookies.o
  CC      net/sctp/primitive.o
  CC      drivers/edac/edac_device_sysfs.o
  CC      fs/proc/proc_net.o
  CC      net/wireguard/send.o
  CC      drivers/esoc/esoc_client.o
  CC      net/sched/cls_basic.o
  CC      net/netfilter/nf_nat_proto_unknown.o
  CC      net/ipv6/netfilter/nf_conntrack_proto_icmpv6.o
  CC      lib/nmi_backtrace.o
  CC      fs/proc/kmsg.o
  CC      net/xfrm/xfrm_state.o
  CC      net/sctp/output.o
  CC      drivers/edac/wq.o
  CC      fs/proc/page.o
  CC      drivers/esoc/esoc-mdm-pon.o
  CC      net/ipv4/ah4.o
  CC      net/wireless/reg.o
  CC      lib/nodemask.o
  CC      drivers/edac/edac_pci.o
  AR      fs/proc/proc.o
  CC      net/sched/cls_flow.o
  AR      fs/proc/built-in.o
  CC      fs/sdcardfs/dentry.o
  CC      lib/plist.o
  CC      net/ipv6/netfilter/nf_nat_l3proto_ipv6.o
  CC      drivers/esoc/esoc-mdm-4x.o
  CC      net/netfilter/nf_nat_proto_common.o
  CC      net/wireguard/receive.o
  CC      drivers/edac/edac_pci_sysfs.o
  CC      lib/radix-tree.o
  CC      net/sctp/input.o
  CC      net/xfrm/xfrm_hash.o
  CC      net/xfrm/xfrm_input.o
  CC      fs/sdcardfs/file.o
  CC      drivers/edac/kryo_arm64_edac.o
  CC      net/ipv4/esp4.o
  CC      drivers/esoc/esoc-mdm-drv.o
  CC      net/sched/cls_bpf.o
  CC      lib/ratelimit.o
  CC      fs/sdcardfs/inode.o
  AR      drivers/esoc/built-in.o
  CC      net/ipv6/netfilter/nf_nat_proto_icmpv6.o
  CC      fs/sdcardfs/main.o
  CC      net/netfilter/nf_nat_proto_udp.o
  CC      lib/rbtree.o
  CC      net/wireguard/socket.o
  AR      drivers/edac/edac_core.o
  AR      drivers/edac/built-in.o
  CC      drivers/extcon/extcon.o
  CC      net/xfrm/xfrm_output.o
  CC      net/sched/cls_matchall.o
  CC      net/sctp/debug.o
  CC      fs/sdcardfs/super.o
  CC      net/wireless/scan.o
  CC      lib/seq_buf.o
  CC      net/ipv6/netfilter/nf_defrag_ipv6_hooks.o
  CC      net/ipv4/ipcomp.o
  CC      net/netfilter/nf_nat_proto_tcp.o
  CC      drivers/extcon/devres.o
  CC      lib/sha1.o
  CC      fs/sdcardfs/lookup.o
  CC      net/sctp/stream.o
  CC      lib/show_mem.o
  CC      net/wireguard/peerlookup.o
  CC      net/sched/ematch.o
  CC      net/netfilter/nf_nat_helper.o
  CC      fs/sdcardfs/mmap.o
  CC      net/ipv6/netfilter/nf_conntrack_reasm.o
  CC      net/ipv4/xfrm4_tunnel.o
  CC      drivers/extcon/extcon-usb-gpio.o
  CC      lib/siphash.o
  CC      net/xfrm/xfrm_sysctl.o
  CC      fs/sdcardfs/packagelist.o
  CC      net/wireguard/allowedips.o
  AR      drivers/extcon/extcon-core.o
  AR      drivers/extcon/built-in.o
  CC      net/sched/em_cmp.o
  CC      lib/string.o
  CC      drivers/fingerprint/fingerprint_sysfs.o
  CC      net/ipv6/netfilter/nf_socket_ipv6.o
  CC      net/netfilter/nf_nat_proto_dccp.o
  CC      net/ipv6/netfilter/nf_log_ipv6.o
  CC      net/ipv4/xfrm4_mode_beet.o
  CC      net/xfrm/xfrm_replay.o
  CC      lib/timerqueue.o
  CC      drivers/fingerprint/et7xx-spi.o
  CC      lib/vsprintf.o
  CC      net/wireless/nl80211.o
  CC      net/sctp/auth.o
  CC      net/sched/em_nbyte.o
  CC      net/wireguard/ratelimiter.o
  CC      net/ipv6/netfilter/nf_reject_ipv6.o
  CC      fs/sysfs/file.o
  CC      drivers/fingerprint/et7xx-spi_data_transfer.o
  CC      net/netfilter/nf_nat_proto_sctp.o
  CC      fs/sdcardfs/derived_perm.o
  CC      net/sched/em_u32.o
  CC      fs/sysfs/dir.o
  CC      net/ipv4/tunnel4.o
  CC      net/xfrm/xfrm_device.o
  CC      net/wireguard/cookie.o
  AR      drivers/fingerprint/built-in.o
  AR      drivers/firewire/built-in.o
  CC      drivers/firmware/psci.o
  CC      fs/sysfs/symlink.o
  CC      net/sched/em_meta.o
  CC      net/sctp/offload.o
  CC      net/ipv6/netfilter/nf_dup_ipv6.o
  AR      fs/sdcardfs/sdcardfs.o
  AR      fs/sdcardfs/built-in.o
  CC      lib/win_minmax.o
  CC      net/wireless/mlme.o
  CC      net/ipv4/xfrm4_mode_transport.o
  CC      net/xfrm/xfrm_proc.o
  CC      fs/sysfs/mount.o
  CC      net/wireguard/netlink.o
  CC      net/netfilter/nf_nat_redirect.o
  CC      drivers/firmware/qcom_scm.o
  GEN     lib/crc32table.h
  CC      lib/oid_registry.o
  CC      net/sched/em_text.o
  CC      fs/sysfs/group.o
  CC      net/sctp/proc.o
  AR      lib/lib.a
  CC      net/xfrm/xfrm_algo.o
  CC      lib/crc32.o
  CC      net/ipv4/xfrm4_mode_tunnel.o
  CC      net/ipv6/netfilter/ip6t_rpfilter.o
  AR      fs/sysfs/built-in.o
  AR      net/sched/built-in.o
  CC      net/xfrm/xfrm_user.o
  CC      fs/tracefs/inode.o
  CC      net/netfilter/nf_nat_amanda.o
  CC      net/sctp/sysctl.o
  EXPORTS lib/lib-ksyms.o
  CC      net/ipv4/ipconfig.o
  CC      net/wireguard/crypto/zinc/chacha20/chacha20.o
  CC      net/netfilter/nf_nat_ftp.o
  CC      net/ipv6/sit.o
  AR      fs/tracefs/tracefs.o
  CC      drivers/firmware/qcom_scm-64.o
  CC      net/ipv6/netfilter/ip6t_REJECT.o
  AR      fs/tracefs/built-in.o
  SHIPPED fs/unicode/utf8data.h
  CC      net/xfrm/xfrm_ipcomp.o
  CC      fs/unicode/utf8-core.o
  AR      lib/built-in.o
  CC      net/sctp/ipv6.o
  CC      net/wireless/ibss.o
  CC      net/compat.o
  CC      fs/unicode/utf8-norm.o
  CC      net/ipv4/netfilter.o
  CC      net/netfilter/nf_nat_irc.o
  AR      fs/unicode/unicode.o
  AR      fs/unicode/built-in.o
  CC      fs/verity/enable.o
  CC      net/xfrm/xfrm_interface.o
  PERLASM net/wireguard/crypto/zinc/chacha20/chacha20-arm64.S
  CC      net/wireguard/crypto/zinc/poly1305/poly1305.o
  CC      net/ipv4/netfilter/nf_conntrack_l3proto_ipv4.o
  AR      net/ipv6/netfilter/nf_conntrack_ipv6.o
  AR      net/ipv6/netfilter/nf_nat_ipv6.o
  AR      net/ipv6/netfilter/nf_defrag_ipv6.o
  AR      net/ipv6/netfilter/built-in.o
  CC      net/ipv4/inet_diag.o
  CC      net/ipv6/ip6_tunnel.o
  CC      fs/eventpoll.o
  CC      drivers/gpio/devres.o
  CC      net/sctp/sctp_diag.o
  CC      fs/verity/hash_algs.o
  CC      net/netfilter/nf_nat_tftp.o
  CC      net/wireless/sme.o
  PERLASM net/wireguard/crypto/zinc/poly1305/poly1305-arm64.S
  CC      net/wireguard/crypto/zinc/chacha20poly1305.o
  AR      net/xfrm/built-in.o
  CC      fs/verity/init.o
  CC      net/netfilter/x_tables.o
  CC      net/sysctl_net.o
  CC      net/ipv4/netfilter/nf_conntrack_proto_icmp.o
  CC      drivers/gpio/gpiolib.o
  CC      net/ipv6/addrconf_core.o
  CC      fs/verity/measure.o
  AR      net/sctp/sctp.o
  AR      net/sctp/built-in.o
  AR      drivers/firmware/broadcom/built-in.o
  CC      fs/anon_inodes.o
  CC      net/wireguard/crypto/zinc/blake2s/blake2s.o
  CC      fs/verity/open.o
  CC      net/ipv6/exthdrs_core.o
  CC      drivers/gpu/drm/drm_crtc_helper.o
  CC      net/ipv4/tcp_diag.o
  CC      fs/verity/verify.o
  CC      net/wireless/chan.o
  CC      net/netfilter/xt_tcpudp.o
  CC      drivers/gpio/gpiolib-legacy.o
  CC      net/ipv4/netfilter/nf_nat_l3proto_ipv4.o
  AR      drivers/firmware/meson/built-in.o
  CC      drivers/gud/MobiCoreDriver/admin.o
  CC      drivers/gpu/drm/drm_dp_helper.o
  CC      fs/verity/signature.o
  CC      net/wireguard/crypto/zinc/curve25519/curve25519.o
  CC      net/ipv6/ip6_checksum.o
  CC      net/ipv6/ip6_icmp.o
  CC      drivers/gpio/gpiolib-devprop.o
  CC      fs/signalfd.o
  CC      net/netfilter/xt_mark.o
  AR      fs/verity/built-in.o
  CC      net/wireless/ethtool.o
  CC      drivers/gpu/drm/drm_probe_helper.o
  CC      drivers/gud/MobiCoreDriver/client.o
  CC      drivers/gud/MobiCoreDriver/clientlib.o
  CC      net/ipv4/netfilter/nf_nat_proto_icmp.o
  CC      drivers/gpio/gpiolib-of.o
  AR      drivers/firmware/tegra/built-in.o
  CC      drivers/gud/MobiCoreDriver/clock.o
  CC      drivers/hid/hid-core.o
  CC      fs/timerfd.o
  CC      net/ipv6/output_core.o
  CC      net/netfilter/xt_connmark.o
  CC      net/wireless/mesh.o
  CC      net/ipv4/netfilter/nf_defrag_ipv4.o
  CC      drivers/gpu/drm/drm_plane_helper.o
  CC      drivers/gpio/gpiolib-sysfs.o
  CC      net/wireless/ap.o
  CC      drivers/gud/MobiCoreDriver/fastcall.o
  CC      fs/eventfd.o
  CC      drivers/hid/hid-input.o
  CC      drivers/gpio/gpio-pcal6524.o
  CC      net/ipv6/protocol.o
  AS      net/wireguard/crypto/zinc/chacha20/chacha20-arm64.o
  AS      net/wireguard/crypto/zinc/poly1305/poly1305-arm64.o
  CC      drivers/gpu/drm/drm_dp_mst_topology.o
  AR      net/wireguard/wireguard.o
  CC      drivers/gud/MobiCoreDriver/iwp.o
  AR      net/wireguard/built-in.o
  AR      drivers/gpio/built-in.o
  CC      drivers/gpu/vga/vgaarb.o
  CC      drivers/hwmon/hwmon.o
  CC      net/netfilter/xt_nat.o
  CC      fs/aio.o
  CC      net/ipv4/netfilter/nf_socket_ipv4.o
  CC      drivers/gpu/msm/kgsl.o
  CC      drivers/hid/hid-debug.o
  CC      drivers/gud/MobiCoreDriver/logging.o
  CC      net/wireless/trace.o
  CC      drivers/hwmon/sec_thermistor.o
  AR      drivers/gpu/vga/built-in.o
  CC      net/ipv6/ip6_offload.o
  CC      net/ipv4/udp_diag.o
  CC      drivers/gud/MobiCoreDriver/main.o
  CC      net/ipv4/netfilter/nf_log_ipv4.o
  CC      net/netfilter/xt_CLASSIFY.o
  CC      drivers/gpu/drm/drm_atomic_helper.o
  CC      drivers/hid/hidraw.o
  CC      fs/locks.o
  AR      drivers/hwmon/built-in.o
  CC      net/wireless/ocb.o
  CC      drivers/gud/MobiCoreDriver/mcp.o
  CC      net/netfilter/xt_CONNSECMARK.o
  CC      fs/compat.o
  CC      drivers/hid/uhid.o
  CC      net/ipv6/tcpv6_offload.o
  CC      drivers/gpu/msm/kgsl_trace.o
  CC      net/ipv4/netfilter/nf_reject_ipv4.o
  CC      drivers/gud/MobiCoreDriver/mmu.o
  CC      drivers/gpu/drm/drm_kms_helper_common.o
  CC      drivers/hid/hid-generic.o
  CC      drivers/hwspinlock/hwspinlock_core.o
  CC      net/netfilter/xt_CT.o
  CC      net/ipv4/tcp_bbr.o
  CC      net/ipv6/exthdrs_offload.o
  CC      fs/compat_ioctl.o
  CC      drivers/hid/hid-a4tech.o
  CC      drivers/gud/MobiCoreDriver/nq.o
  CC      drivers/gpu/drm/drm_dp_dual_mode_helper.o
  CC      drivers/hwspinlock/qcom_hwspinlock.o
  CC      drivers/hid/hid-axff.o
  CC      net/ipv4/netfilter/nf_nat_h323.o
  CC      drivers/gpu/msm/kgsl_drawobj.o
  AR      drivers/hwspinlock/built-in.o
  CC      net/ipv6/inet6_hashtables.o
  CC      drivers/hid/hid-apple.o
  CC      drivers/gpu/msm/kgsl_ioctl.o
  CC      drivers/gpu/drm/drm_simple_kms_helper.o
  CC      net/netfilter/xt_LOG.o
  CC      drivers/gud/MobiCoreDriver/pm.o
  CC      drivers/hid/hid-belkin.o
  CC      net/wireless/of.o
  CC      net/ipv6/ip6_udp_tunnel.o
  CC      drivers/hid/hid-cherry.o
  CC      net/ipv6/mcast_snoop.o
  CC      drivers/hwtracing/google/coresight-clk-placeholder.o
  CC      drivers/gud/MobiCoreDriver/scheduler.o
  CC      drivers/gpu/msm/kgsl_sharedmem.o
  CC      drivers/hid/hid-chicony.o
  CC      drivers/gpu/drm/drm_modeset_helper.o
  CC      drivers/hwtracing/google/coresight-clk-amba-placeholder.o
  CC      net/ipv4/netfilter/nf_nat_pptp.o
  CC      drivers/gud/MobiCoreDriver/session.o
  CC      net/netfilter/xt_NETMAP.o
  CC      fs/binfmt_misc.o
  CC      net/wireless/wext-core.o
  CC      net/ipv4/netfilter/nf_nat_masquerade_ipv4.o
  CC      drivers/hid/hid-cypress.o
  CC      drivers/gpu/drm/drm_scdc_helper.o
  AR      drivers/hwtracing/google/built-in.o
  CC      net/ipv4/tcp_bic.o
  CC      drivers/gpu/msm/kgsl_pwrctrl.o
  AR      net/ipv6/ipv6.o
  AR      net/ipv6/built-in.o
  CC      drivers/gud/MobiCoreDriver/teeclientapi.o
  CC      drivers/hid/hid-dr.o
  CC      fs/binfmt_script.o
  AR      drivers/hwtracing/intel_th/built-in.o
  CC      drivers/gpu/drm/drm_gem_framebuffer_helper.o
  CC      net/netfilter/xt_NFLOG.o
  CC      net/wireless/wext-proc.o
  CC      net/ipv4/tcp_cubic.o
  CC      net/ipv4/netfilter/nf_nat_proto_gre.o
  CC      fs/binfmt_elf.o
  CC      drivers/hid/hid-emsff.o
  CC      drivers/gpu/msm/kgsl_pwrscale.o
  CC      drivers/gud/MobiCoreDriver/user.o
  CC      drivers/i2c/i2c-boardinfo.o
  CC      drivers/hid/hid-elecom.o
  CC      drivers/gpu/drm/bridge/panel.o
  CC      net/wireless/wext-spy.o
  CC      net/netfilter/xt_NFQUEUE.o
  AR      drivers/gud/MobiCoreDriver/mcDrvModule.o
  CC      drivers/hid/hid-ezkey.o
  CC      net/ipv4/netfilter/ip_tables.o
  CC      drivers/i2c/i2c-core-base.o
  AR      drivers/gud/MobiCoreDriver/built-in.o
  AR      drivers/gud/built-in.o
  CC      fs/compat_binfmt_elf.o
  CC      drivers/hid/hid-gyration.o
  CC      drivers/gpu/msm/kgsl_mmu.o
  CC      net/ipv4/tcp_westwood.o
  CC      drivers/gpu/drm/drm_auth.o
  CC      net/wireless/wext-priv.o
  CC      drivers/hid/hid-holtek-kbd.o
  CC      net/netfilter/xt_REDIRECT.o
  CC      net/ipv4/netfilter/iptable_filter.o
  CC      drivers/hid/hid-holtek-mouse.o
  CC      fs/mbcache.o
  CC      drivers/i2c/i2c-core-smbus.o
  AR      drivers/idle/built-in.o
  CC      drivers/gpu/msm/kgsl_snapshot.o
  CC      drivers/gpu/drm/drm_bufs.o
  AR      net/wireless/cfg80211.o
  AR      net/wireless/built-in.o
  CC      net/ipv4/tcp_htcp.o
  CC      net/ipv4/netfilter/iptable_mangle.o
  CC      drivers/hid/hid-holtekff.o
  CC      fs/posix_acl.o
  CC      net/netfilter/xt_SECMARK.o
  CC      drivers/i2c/i2c-core-of.o
  CC      fs/coredump.o
  CC      drivers/hid/hid-kensington.o
  CC      drivers/gpu/msm/kgsl_events.o
  CC      drivers/gpu/drm/drm_cache.o
  CC      drivers/hid/hid-keytouch.o
  CC      drivers/i2c/i2c-dev.o
  CC      drivers/iio/industrialio-core.o
  CC      net/netfilter/xt_TPROXY.o
  CC      net/ipv4/xfrm4_policy.o
  CC      net/ipv4/netfilter/iptable_nat.o
  CC      drivers/gpu/msm/kgsl_pool.o
  CC      drivers/hid/hid-kye.o
  CC      drivers/input/input.o
  CC      drivers/i2c/i2c-mux.o
  CC      drivers/gpu/drm/drm_context.o
  CC      drivers/hid/hid-lcpower.o
  CC      fs/drop_caches.o
  CC      drivers/iio/industrialio-event.o
  CC      net/ipv4/netfilter/iptable_raw.o
  CC      net/netfilter/xt_TCPMSS.o
  CC      drivers/hid/hid-lg.o
  CC      drivers/gpu/msm/kgsl_gmu_core.o
  CC      drivers/i2c/algos/i2c-algo-bit.o
  CC      drivers/input/serio/serio.o
  CC      fs/dcookies.o
  CC      drivers/gpu/drm/drm_dma.o
  CC      drivers/iio/inkern.o
  CC      drivers/input/input-compat.o
  CC      net/ipv4/netfilter/iptable_security.o
  CC      drivers/gpu/msm/kgsl_gmu.o
  CC      drivers/hid/hid-lgff.o
  CC      net/netfilter/xt_TEE.o
  CC      drivers/hid/hid-lg2ff.o
  CC      drivers/input/serio/libps2.o
  AR      drivers/i2c/algos/built-in.o
  CC      drivers/i2c/busses/i2c-gpio.o
  CC      drivers/input/input-mt.o
  CC      drivers/hid/hid-lg3ff.o
  CC      drivers/input/ff-core.o
  CC      drivers/gpu/drm/drm_file.o
  AR      fs/built-in.o
  CC      drivers/i2c/busses/i2c-qcom-geni.o
  AR      drivers/iio/accel/built-in.o
  CC      drivers/iio/adc/qcom-vadc-common.o
  AR      drivers/input/serio/built-in.o
  CC      net/ipv4/xfrm4_state.o
  CC      net/ipv4/xfrm4_input.o
  CC      net/ipv4/netfilter/ipt_ah.o
  CC      drivers/hid/hid-lg4ff.o
  CC      drivers/iio/adc/qcom-spmi-adc5.o
  CC      net/netfilter/xt_TRACE.o
  AR      drivers/i2c/muxes/built-in.o
  CC      drivers/input/sec_cmd.o
  CC      drivers/gpu/msm/kgsl_rgmu.o
  AR      drivers/iio/amplifiers/built-in.o
  CC      drivers/gpu/drm/drm_gem.o
  AR      drivers/iio/buffer/built-in.o
  CC      drivers/iommu/iommu.o
  AR      drivers/i2c/busses/built-in.o
  AR      drivers/iio/adc/built-in.o
  AR      drivers/i2c/i2c-core.o
  CC      net/ipv4/netfilter/ipt_rpfilter.o
  AR      drivers/iio/chemical/built-in.o
  AR      drivers/i2c/built-in.o
  CC      drivers/hid/hid-logitech-dj.o
  CC      net/ipv4/xfrm4_output.o
  CC      net/netfilter/xt_IDLETIMER.o
  AR      drivers/iio/common/cros_ec_sensors/built-in.o
  CC      drivers/gpu/drm/drm_ioctl.o
  CC      drivers/iommu/iommu-traces.o
  AR      drivers/iio/common/hid-sensors/built-in.o
  CC      drivers/input/sec_tclm_v2.o
  AR      drivers/iio/common/ms_sensors/built-in.o
  AR      drivers/iio/common/ssp_sensors/built-in.o
  AR      drivers/iio/common/st_sensors/built-in.o
  AR      drivers/iio/common/built-in.o
  AR      drivers/iio/counter/built-in.o
  AR      drivers/iio/dac/built-in.o
  AR      drivers/iio/dummy/built-in.o
  AR      drivers/iio/frequency/built-in.o
  AR      drivers/iio/gyro/built-in.o
  CC      drivers/irqchip/irqchip.o
  AR      drivers/iio/health/built-in.o
  AR      drivers/iio/humidity/built-in.o
  AR      drivers/iio/imu/bmi160/built-in.o
  CC      drivers/input/sec_secure_touch.o
  CC      drivers/hid/hid-logitech-hidpp.o
  CC      drivers/gpu/drm/drm_irq.o
  AR      drivers/iio/imu/inv_mpu/inv_test/built-in.o
  AR      drivers/iio/imu/inv_mpu/built-in.o
  AR      drivers/iio/imu/inv_mpu6050/built-in.o
  CC      net/netfilter/xt_HARDIDLETIMER.o
  CC      drivers/gpu/msm/kgsl_hfi.o
  AR      drivers/iio/imu/st_asm330lhh/built-in.o
  CC      drivers/iommu/iommu-sysfs.o
  AR      drivers/iio/imu/st_lsm6dsx/built-in.o
  CC      drivers/irqchip/irq-gic.o
  AR      drivers/iio/imu/built-in.o
  CC      net/ipv4/netfilter/ipt_MASQUERADE.o
  AR      drivers/iio/light/built-in.o
  AR      drivers/iio/magnetometer/built-in.o
  AR      drivers/iio/multiplexer/built-in.o
  CC      drivers/input/ff-memless.o
  CC      drivers/hid/hid-magicmouse.o
  AR      drivers/iio/orientation/built-in.o
  CC      drivers/gpu/drm/drm_lock.o
  CC      drivers/leds/led-core.o
  AR      drivers/iio/potentiometer/built-in.o
  AR      drivers/iio/potentiostat/built-in.o
  AR      drivers/iio/pressure/built-in.o
  AR      drivers/iio/proximity/built-in.o
  CC      drivers/iommu/dma-iommu.o
  AR      drivers/iio/temperature/built-in.o
  AR      drivers/iio/trigger/built-in.o
  AR      drivers/iio/industrialio.o
  CC      net/netfilter/xt_bpf.o
  CC      drivers/leds/led-class.o
  CC      drivers/irqchip/irq-gic-common.o
  CC      drivers/gpu/drm/drm_memory.o
  AR      drivers/iio/built-in.o
  CC      drivers/gpu/msm/kgsl_iommu.o
  CC      net/ipv4/netfilter/ipt_REJECT.o
  CC      drivers/input/input-leds.o
  CC      drivers/hid/hid-microsoft.o
  CC      drivers/leds/led-triggers.o
  CC      drivers/leds/leds-qpnp-flash-v2.o
  CC      drivers/input/evdev.o
  CC      drivers/iommu/msm_dma_iommu_mapping.o
  CC      drivers/irqchip/irq-gic-v2m.o
  CC      drivers/hid/hid-monterey.o
  CC      drivers/gpu/drm/drm_drv.o
  CC      drivers/gpu/drm/drm_scatter.o
  CC      net/netfilter/xt_comment.o
  CC      drivers/iommu/io-pgtable.o
  CC      net/ipv4/netfilter/arp_tables.o
  CC      drivers/hid/hid-multitouch.o
  CC      drivers/irqchip/irq-gic-v3.o
  CC      net/ipv4/xfrm4_protocol.o
  CC      drivers/input/joystick/xpad.o
  CC      drivers/iommu/io-pgtable-arm.o
  CC      drivers/leds/trigger/ledtrig-timer.o
  CC      drivers/gpu/drm/drm_pci.o
  CC      net/netfilter/xt_connlimit.o
  AR      drivers/macintosh/built-in.o
  CC      net/ipv4/netfilter/arpt_mangle.o
  AR      drivers/leds/trigger/built-in.o
  AR      drivers/leds/built-in.o
  CC      net/ipv4/netfilter/arptable_filter.o
  CC      drivers/hid/hid-nintendo.o
  CC      drivers/irqchip/irq-gic-v3-its.o
  CC      drivers/gpu/drm/drm_sysfs.o
  AR      drivers/input/joystick/built-in.o
  CC      drivers/input/keyboard/atkbd.o
  CC      drivers/gpu/msm/kgsl_debugfs.o
  CC      drivers/iommu/iova.o
  CC      net/netfilter/xt_conntrack.o
  CC      drivers/hid/hid-ntrig.o
  CC      drivers/gpu/drm/drm_hashtab.o
  CC      drivers/mailbox/mailbox.o
  CC      drivers/input/keyboard/gpio_keys.o
  CC      net/ipv4/netfilter/nf_dup_ipv4.o
  CC      drivers/input/misc/qpnp-power-on.o
  CC      drivers/mailbox/qcom-apcs-ipc-mailbox.o
  CC      drivers/irqchip/irq-gic-v3-its-pci-msi.o
  CC      drivers/hid/hid-ortek.o
  CC      drivers/gpu/msm/kgsl_sync.o
  CC      drivers/gpu/drm/drm_mm.o
  CC      drivers/mailbox/qcom-rpmh-mailbox.o
  CC      drivers/iommu/io-pgtable-fast.o
  CC      drivers/hid/hid-prodikeys.o
  CC      net/netfilter/xt_dscp.o
  AR      net/ipv4/gre.o
  CC      drivers/input/keyboard/hall_ic.o
  CC      drivers/md/dm-uevent.o
  CC      drivers/irqchip/irq-gic-v3-its-platform-msi.o
  CC      drivers/gpu/drm/drm_crtc.o
  AR      net/ipv4/netfilter/nf_conntrack_ipv4.o
  AR      net/ipv4/netfilter/nf_nat_ipv4.o
  CC      drivers/gpu/msm/kgsl_compat.o
  AR      net/ipv4/netfilter/built-in.o
  AR      net/ipv4/built-in.o
  CC      drivers/input/misc/qti-haptics.o
  CC      drivers/input/keyboard/certify_hall_ic.o
  CC      drivers/iommu/dma-mapping-fast.o
  CC      drivers/hid/hid-pl.o
  CC      drivers/mailbox/msm_qmp.o
  AR      drivers/firmware/built-in.o
  CC      drivers/md/dm.o
  CC      drivers/irqchip/irq-gic-v4.o
  CC      net/netfilter/xt_ecn.o
  CC      drivers/input/touchscreen/of_touchscreen.o
  CC      drivers/gpu/drm/drm_fourcc.o
  CC      drivers/gpu/msm/adreno_ioctl.o
  AR      drivers/input/keyboard/built-in.o
  CC      drivers/gpu/drm/drm_modes.o
  CC      drivers/hid/hid-petalynx.o
  CC      drivers/iommu/of_iommu.o
  AR      drivers/mailbox/built-in.o
  CC      drivers/input/misc/uinput.o
  CC      drivers/irqchip/irq-partition-percpu.o
  CC      drivers/md/dm-table.o
  CC      drivers/input/touchscreen/imagis/ist40xx/ist40xx.o
  CC      drivers/hid/hid-picolcd_core.o
  CC      net/netfilter/xt_esp.o
  CC      drivers/gpu/msm/adreno_ringbuffer.o
  CC      drivers/input/sec_tsp_dumpkey.o
  AR      drivers/input/misc/built-in.o
  CC      drivers/gpu/drm/drm_edid.o
  CC      drivers/irqchip/msm_show_resume_irq.o
  CC      drivers/iommu/arm-smmu.o
  CC      drivers/md/dm-target.o
  AR      drivers/media/common/b2c2/built-in.o
  AR      drivers/media/common/saa7146/built-in.o
  CC      drivers/hid/hid-picolcd_debugfs.o
  AR      drivers/media/common/siano/built-in.o
  AR      drivers/media/common/v4l2-tpg/built-in.o
  CC      drivers/hid/hid-plantronics.o
  CC      drivers/irqchip/qcom/pdc.o
  AR      drivers/media/common/built-in.o
  AR      drivers/media/firewire/built-in.o
  CC      drivers/input/touchscreen/imagis/ist40xx/ist40xx_misc.o
  AR      drivers/media/i2c/soc_camera/built-in.o
  AR      drivers/media/i2c/built-in.o
  CC      drivers/gpu/msm/adreno_drawctxt.o
  AR      drivers/media/mmc/siano/built-in.o
  AR      drivers/media/mmc/built-in.o
  CC      drivers/gpu/drm/drm_info.o
  CC      net/netfilter/xt_hashlimit.o
  AR      drivers/media/pci/b2c2/built-in.o
  CC      drivers/mfd/mfd-core.o
  AR      drivers/media/pci/ddbridge/built-in.o
  AR      drivers/media/pci/dm1105/built-in.o
  AR      drivers/media/pci/mantis/built-in.o
  CC      drivers/md/dm-linear.o
  AR      drivers/media/pci/netup_unidvb/built-in.o
  AR      drivers/media/pci/ngene/built-in.o
  CC      drivers/hid/hid-primax.o
  AR      drivers/media/pci/pluto2/built-in.o
  AR      drivers/media/pci/pt1/built-in.o
  AR      drivers/media/pci/pt3/built-in.o
  CC      drivers/iommu/arm-smmu-errata.o
  AR      drivers/media/pci/saa7146/built-in.o
  CC      drivers/irqchip/qcom/pdc-sm8150.o
  AR      drivers/media/pci/smipcie/built-in.o
  AR      drivers/misc/cb710/built-in.o
  AR      drivers/media/pci/ttpci/built-in.o
  AR      drivers/media/pci/built-in.o
  CC      drivers/mfd/max77705.o
  CC      drivers/misc/dev_ril_bridge/dev_ril_bridge.o
  CC      drivers/hid/hid-roccat.o
  CC      drivers/input/touchscreen/imagis/ist40xx/ist40xx_sys.o
  CC      drivers/gpu/msm/adreno_dispatch.o
  AR      drivers/media/platform/blackfin/built-in.o
  AR      drivers/media/platform/davinci/built-in.o
  AR      drivers/irqchip/qcom/built-in.o
  AR      drivers/media/platform/meson/built-in.o
  AR      drivers/irqchip/built-in.o
  CC      drivers/input/touchscreen/melfas/mss100/melfas_mss100.o
  CC      drivers/md/dm-stripe.o
  AR      drivers/input/input-core.o
  CC      net/netfilter/xt_helper.o
  CC      drivers/media/platform/msm/camera/cam_cdm/cam_cdm_soc.o
  CC      drivers/hid/hid-roccat-common.o
  CC      drivers/media/platform/msm/camera/cam_cdm/cam_cdm_util.o
  CC      drivers/input/touchscreen/imagis/ist40xx/ist40xx_update.o
  CC      drivers/gpu/drm/drm_encoder_slave.o
  CC      drivers/iommu/arm-smmu-debug.o
  AR      drivers/misc/dev_ril_bridge/built-in.o
  AR      drivers/misc/eeprom/built-in.o
  AR      drivers/misc/lis3lv02d/built-in.o
  CC      drivers/input/touchscreen/melfas/mss100/melfas_mss100_mod.o
  CC      drivers/input/touchscreen/imagis/ist40xx/ist40xx_sec.o
  CC      drivers/hid/hid-roccat-arvo.o
  AR      drivers/misc/mic/bus/built-in.o
  AR      drivers/misc/mic/built-in.o
  AR      drivers/misc/ti-st/built-in.o
  CC      drivers/misc/hdcp_qseecom.o
  CC      drivers/media/platform/msm/camera/cam_cdm/cam_cdm_intf.o
  CC      drivers/md/dm-ioctl.o
  CC      drivers/mfd/max77705-irq.o
  AR      drivers/iommu/built-in.o
  CC      drivers/input/touchscreen/melfas/mss100/melfas_mss100_test.o
  CC      drivers/hid/hid-roccat-isku.o
  CC      net/netfilter/xt_hl.o
  AR      drivers/media/platform/omap/built-in.o
  CC      drivers/input/touchscreen/imagis/ist40xx/ist40xx_cmcs.o
  CC      drivers/gpu/drm/drm_trace_points.o
  CC      drivers/misc/msm_hdcp.o
  CC      drivers/gpu/msm/adreno_snapshot.o
  CC      drivers/mfd/qcom-i2c-pmic.o
  CC      drivers/media/platform/msm/npu/npu_dbg.o
  CC      drivers/hid/hid-roccat-kone.o
  CC      drivers/media/platform/msm/camera/cam_cdm/cam_cdm_core_common.o
  CC      drivers/mfd/qcom-spmi-pmic.o
  CC      drivers/misc/qseecom.o
  CC      drivers/gpu/drm/drm_global.o
  CC      drivers/mfd/syscon.o
  CC      net/netfilter/xt_iprange.o
  CC      drivers/media/platform/msm/camera/cam_cdm/cam_cdm_virtual_core.o
  CC      drivers/media/platform/msm/camera/cam_cdm/cam_cdm_hw_core.o
  CC      drivers/media/platform/msm/npu/npu_dev.o
  CC      drivers/hid/hid-roccat-koneplus.o
  CC      drivers/input/touchscreen/melfas/mss100/melfas_mss100_cmd.o
  CC      drivers/md/dm-io.o
  AR      drivers/input/touchscreen/imagis/ist40xx/built-in.o
  CC      drivers/media/platform/msm/camera/cam_core/cam_context.o
  CC      drivers/gpu/drm/drm_prime.o
  CC      drivers/gpu/msm/adreno_trace.o
  CC      drivers/mfd/s2mpb02-core.o
  CC      drivers/mmc/core/core.o
  CC      drivers/media/platform/msm/camera/cam_core/cam_context_utils.o
  CC      drivers/hid/hid-roccat-konepure.o
  AR      drivers/media/platform/msm/camera/cam_cdm/built-in.o
  AR      drivers/media/radio/built-in.o
  CC      net/netfilter/xt_length.o
  CC      drivers/gpu/drm/drm_rect.o
  CC      drivers/md/dm-kcopyd.o
  AR      drivers/media/platform/stm32/built-in.o
  CC      drivers/input/touchscreen/melfas/mss100/melfas_mss100_fw_update.o
  CC      drivers/gpu/msm/adreno_a3xx.o
  CC      drivers/media/platform/msm/npu/npu_debugfs.o
  CC      drivers/media/platform/msm/sde/rotator/sde_rotator_dev.o
  CC      drivers/hid/hid-roccat-kovaplus.o
  CC      drivers/media/platform/msm/camera/cam_core/cam_node.o
  CC      drivers/mfd/s2mpb02-irq.o
  CC      drivers/hid/hid-roccat-lua.o
  CC      drivers/media/platform/msm/camera/cam_core/cam_subdev.o
  CC      drivers/gpu/drm/drm_vma_manager.o
  AR      drivers/input/touchscreen/melfas/mss100/built-in.o
  AR      drivers/input/touchscreen/built-in.o
  AR      drivers/input/built-in.o
  CC      drivers/media/platform/msm/npu/npu_host_ipc.o
  CC      drivers/mfd/sec_ap_pmic.o
  CC      drivers/media/platform/msm/npu/npu_hw_access.o
  CC      drivers/md/dm-sysfs.o
  CC      net/netfilter/xt_limit.o
  CC      drivers/gpu/msm/adreno_a4xx.o
  AR      drivers/media/platform/msm/camera/cam_core/built-in.o
  CC      drivers/hid/hid-roccat-pyra.o
  CC      drivers/media/platform/msm/camera/cam_cpas/camss_top/cam_camsstop_hw.o
  CC      drivers/mmc/core/bus.o
  CC      drivers/misc/uid_sys_stats.o
  AR      drivers/mfd/built-in.o
  CC      drivers/media/platform/msm/sde/rotator/sde_rotator_core.o
  CC      drivers/gpu/drm/drm_flip_work.o
  CC      drivers/mmc/host/sdhci.o
  AR      drivers/media/platform/msm/camera/cam_cpas/camss_top/built-in.o
  CC      drivers/mmc/core/host.o
  CC      drivers/media/platform/msm/camera/cam_cpas/cpas_top/cam_cpastop_hw.o
  CC      drivers/md/dm-stats.o
  CC      net/netfilter/xt_mac.o
  CC      drivers/hid/hid-roccat-ryos.o
  CC      drivers/gpu/msm/adreno_a5xx.o
  CC      drivers/media/platform/msm/npu/npu_mgr.o
  AR      drivers/media/platform/msm/camera/cam_cpas/cpas_top/built-in.o
  CC      drivers/media/platform/msm/camera/cam_cpas/cam_cpas_soc.o
  CC      drivers/gpu/drm/drm_modeset_lock.o
  CC      drivers/hid/hid-roccat-savu.o
  AR      drivers/media/rc/keymaps/built-in.o
  AR      drivers/media/rc/built-in.o
  CC      drivers/media/platform/msm/vidc/msm_v4l2_vidc.o
  CC      drivers/mmc/core/mmc.o
  CC      drivers/misc/memory_state_time.o
  CC      net/netfilter/xt_multiport.o
  AR      drivers/media/platform/msm/npu/msm_npu.o
  CC      drivers/hid/hid-saitek.o
  AR      drivers/media/platform/msm/npu/built-in.o
  CC      drivers/media/platform/msm/camera/cam_cpas/cam_cpas_intf.o
  CC      drivers/media/platform/msm/camera/cam_fd/fd_hw_mgr/fd_hw/cam_fd_hw_dev.o
  CC      drivers/md/dm-rq.o
  CC      drivers/gpu/drm/drm_atomic.o
  CC      drivers/gpu/msm/adreno_a6xx.o
  CC      drivers/hid/hid-samsung.o
  CC      drivers/mmc/host/sdhci-pltfm.o
  CC      drivers/media/platform/msm/vidc/msm_v4l2_private.o
  CC      drivers/media/platform/msm/sde/rotator/sde_rotator_base.o
  AR      drivers/misc/built-in.o
  CC      drivers/media/platform/msm/vidc/msm_vidc_platform.o
  CC      drivers/hid/hid-sjoy.o
  CC      drivers/media/platform/msm/camera/cam_fd/fd_hw_mgr/fd_hw/cam_fd_hw_core.o
  CC      net/netfilter/xt_owner.o
  CC      drivers/media/platform/msm/camera/cam_cpas/cam_cpas_hw.o
  CC      drivers/mmc/host/sdhci-msm.o
  CC      drivers/md/dm-builtin.o
  CC      drivers/hid/hid-sony.o
  CC      drivers/mmc/core/mmc_ops.o
  CC      drivers/media/platform/msm/camera/cam_hyp_intf/cam_hyp_intf.o
  CC      drivers/media/platform/msm/sde/rotator/sde_rotator_formats.o
  CC      drivers/gpu/drm/drm_bridge.o
  CC      drivers/media/platform/msm/vidc/msm_vidc_common.o
  AR      drivers/media/platform/msm/camera/cam_cpas/built-in.o
  CC      drivers/media/platform/msm/vidc/msm_vidc.o
  CC      drivers/md/dm-bufio.o
  CC      drivers/media/platform/msm/camera/cam_fd/fd_hw_mgr/fd_hw/cam_fd_hw_soc.o
  CC      drivers/hid/hid-speedlink.o
  CC      drivers/gpu/msm/adreno_a3xx_snapshot.o
  CC      net/netfilter/xt_pkttype.o
  CC      drivers/mmc/core/sd.o
  CC      drivers/gpu/drm/drm_framebuffer.o
  CC      drivers/media/platform/msm/sde/rotator/sde_rotator_util.o
  CC      drivers/hid/hid-sunplus.o
  AR      drivers/media/platform/msm/camera/cam_hyp_intf/built-in.o
  CC      drivers/md/dm-crypt.o
  CC      net/netfilter/xt_policy.o
  AR      drivers/mmc/host/built-in.o
  CC      drivers/media/platform/msm/camera/cam_fd/cam_fd_dev.o
  AR      drivers/media/platform/msm/camera/cam_fd/fd_hw_mgr/fd_hw/built-in.o
  CC      drivers/gpu/msm/adreno_a4xx_snapshot.o
  CC      drivers/media/platform/msm/camera/cam_fd/fd_hw_mgr/cam_fd_hw_mgr.o
  CC      drivers/hid/hid-gaff.o
  CC      drivers/mmc/core/sd_ops.o
  CC      drivers/motor/max77705_haptic.o
  AR      drivers/media/spi/built-in.o
  CC      drivers/gpu/drm/drm_connector.o
  CC      drivers/hid/hid-tmff.o
  CC      drivers/media/platform/msm/sde/rotator/sde_rotator_io_util.o
  CC      drivers/gpu/msm/adreno_a5xx_snapshot.o
  CC      drivers/media/platform/msm/camera/cam_icp/icp_hw/a5_hw/a5_dev.o
  CC      drivers/hid/hid-tivo.o
  CC      net/netfilter/xt_quota.o
  CC      drivers/media/platform/msm/camera/cam_icp/cam_icp_subdev.o
  CC      drivers/motor/ss_vibrator.o
  AR      drivers/media/platform/msm/camera/cam_fd/fd_hw_mgr/built-in.o
  CC      drivers/media/platform/msm/camera/cam_fd/cam_fd_context.o
  CC      drivers/media/platform/msm/sde/rotator/sde_rotator_smmu.o
  CC      drivers/gpu/drm/drm_blend.o
  CC      drivers/hid/hid-topseed.o
  CC      drivers/mmc/core/sdio.o
  CC      net/netfilter/xt_quota2.o
  CC      drivers/hid/hid-twinhan.o
  AR      drivers/media/platform/msm/camera/cam_fd/built-in.o
  CC      drivers/media/platform/msm/camera/cam_icp/icp_hw/a5_hw/a5_core.o
  CC      drivers/media/platform/msm/camera/cam_icp/icp_hw/a5_hw/a5_soc.o
  CC      drivers/media/platform/msm/vidc/msm_vdec.o
  CC      drivers/md/dm-default-key.o
  CC      drivers/hid/hid-uclogic.o
  CC      drivers/motor/timed_output.o
  CC      drivers/muic/muic-core.o
  AR      drivers/media/platform/msm/camera/cam_icp/icp_hw/a5_hw/built-in.o
  AR      drivers/media/tuners/built-in.o
  CC      drivers/media/platform/msm/sde/rotator/sde_rotator_r1_wb.o
  CC      drivers/media/platform/msm/camera/cam_icp/icp_hw/bps_hw/bps_dev.o
  CC      drivers/gpu/drm/drm_encoder.o
  CC      drivers/mmc/core/sdio_ops.o
  CC      drivers/media/platform/msm/camera/cam_isp/isp_hw_mgr/hw_utils/cam_tasklet_util.o
  CC      drivers/hid/hid-zpff.o
  CC      drivers/gpu/msm/adreno_a6xx_snapshot.o
  AR      drivers/motor/built-in.o
  CC      net/netfilter/xt_socket.o
  CC      drivers/media/platform/msm/camera/cam_isp/isp_hw_mgr/isp_hw/ife_csid_hw/cam_ife_csid_dev.o
  CC      drivers/md/dm-verity-fec.o
  CC      drivers/media/platform/msm/camera/cam_icp/icp_hw/bps_hw/bps_core.o
  CC      drivers/muic/muic_notifier.o
  CC      drivers/media/platform/msm/vidc/msm_venc.o
  CC      drivers/media/platform/msm/camera/cam_isp/isp_hw_mgr/hw_utils/cam_isp_packet_parser.o
  CC      drivers/hid/hid-zydacron.o
  CC      drivers/media/platform/msm/sde/rotator/sde_rotator_r1_pipe.o
  CC      drivers/mmc/core/sdio_bus.o
  CC      drivers/gpu/drm/drm_mode_object.o
  CC      drivers/media/platform/msm/camera/cam_isp/isp_hw_mgr/isp_hw/ife_csid_hw/cam_ife_csid_soc.o
  CC      drivers/media/platform/msm/camera/cam_icp/icp_hw/bps_hw/bps_soc.o
  CC      drivers/muic/max77705-muic.o
  CC      drivers/hid/wacom_wac.o
  CC      drivers/gpu/msm/adreno_a4xx_preempt.o
  CC      drivers/md/dm-verity-target.o
  CC      net/netfilter/xt_state.o
  CC      drivers/media/platform/msm/camera/cam_isp/isp_hw_mgr/hw_utils/irq_controller/cam_irq_controller.o
  CC      drivers/media/platform/msm/sde/rotator/sde_rotator_r1_ctl.o
  AR      drivers/media/platform/msm/camera/cam_icp/icp_hw/bps_hw/built-in.o
  CC      drivers/mmc/core/sdio_cis.o
  CC      drivers/media/platform/msm/camera/cam_isp/isp_hw_mgr/isp_hw/ife_csid_hw/cam_ife_csid_core.o
  CC      drivers/media/platform/msm/camera/cam_icp/icp_hw/icp_hw_mgr/cam_icp_hw_mgr.o
  CC      drivers/gpu/drm/drm_property.o
  AR      drivers/media/platform/msm/camera/cam_isp/isp_hw_mgr/hw_utils/irq_controller/built-in.o
  CC      drivers/muic/max77705-muic-afc.o
  AR      drivers/media/platform/msm/camera/cam_isp/isp_hw_mgr/hw_utils/built-in.o
  CC      drivers/media/platform/msm/camera/cam_isp/isp_hw_mgr/isp_hw/vfe_hw/cam_vfe_soc.o
  CC      drivers/gpu/msm/adreno_a5xx_preempt.o
  CC      drivers/media/platform/msm/vidc/msm_cvp.o
  CC      drivers/md/dm-integrity.o
  CC      drivers/media/platform/msm/sde/rotator/sde_rotator_r1.o
  CC      drivers/mmc/core/sdio_io.o
  CC      net/netfilter/xt_statistic.o
  CC      drivers/muic/max77705-muic-ccic.o
  CC      drivers/gpu/drm/drm_plane.o
  CC      drivers/media/platform/msm/camera/cam_isp/isp_hw_mgr/isp_hw/vfe_hw/cam_vfe_dev.o
  CC      drivers/media/platform/msm/camera/cam_isp/isp_hw_mgr/isp_hw/ife_csid_hw/cam_ife_csid17x.o
  CC      drivers/hid/wacom_sys.o
  CC      drivers/gpu/msm/adreno_a6xx_preempt.o
  CC      drivers/media/platform/msm/sde/rotator/sde_rotator_r3.o
  CC      drivers/media/platform/msm/camera/cam_isp/isp_hw_mgr/isp_hw/vfe_hw/cam_vfe_core.o
  CC      drivers/media/platform/msm/vidc/msm_smem.o
  CC      drivers/gpu/drm/drm_color_mgmt.o
  AR      drivers/muic/built-in.o
  CC      net/netfilter/xt_string.o
  CC      drivers/media/platform/msm/camera/cam_icp/cam_icp_context.o
  AR      drivers/media/platform/msm/camera/cam_icp/icp_hw/icp_hw_mgr/built-in.o
  CC      drivers/mmc/core/sdio_irq.o
  CC      drivers/media/platform/msm/camera/cam_icp/icp_hw/ipe_hw/ipe_dev.o
  CC      drivers/media/platform/msm/camera/cam_isp/isp_hw_mgr/isp_hw/ife_csid_hw/cam_ife_csid_lite17x.o
  CC      drivers/media/platform/msm/camera/cam_isp/isp_hw_mgr/isp_hw/vfe_hw/vfe17x/cam_vfe17x.o
  CC      drivers/gpu/drm/drm_print.o
  CC      drivers/media/platform/msm/camera/cam_icp/icp_hw/ipe_hw/ipe_core.o
  CC      drivers/gpu/msm/adreno_a6xx_gmu.o
  CC      net/netfilter/xt_time.o
  CC      drivers/media/platform/msm/vidc/msm_vidc_debug.o
  AR      drivers/media/platform/msm/camera/cam_isp/isp_hw_mgr/isp_hw/ife_csid_hw/built-in.o
  CC      drivers/media/platform/msm/camera/cam_jpeg/jpeg_hw/jpeg_dma_hw/jpeg_dma_dev.o
  AR      drivers/media/platform/msm/camera/cam_isp/isp_hw_mgr/isp_hw/vfe_hw/vfe17x/built-in.o
  CC      drivers/media/platform/msm/camera/cam_jpeg/jpeg_hw/jpeg_enc_hw/jpeg_enc_dev.o
  CC      drivers/gpu/drm/drm_dumb_buffers.o
  CC      drivers/mmc/core/slot-gpio.o
  CC      drivers/media/platform/msm/camera/cam_isp/isp_hw_mgr/isp_hw/vfe_hw/vfe_bus/cam_vfe_bus.o
  CC      drivers/hid/hid-waltop.o
  CC      drivers/media/platform/msm/camera/cam_icp/icp_hw/ipe_hw/ipe_soc.o
  CC      drivers/hid/hid-wiimote-core.o
  CC      drivers/media/platform/msm/camera/cam_jpeg/jpeg_hw/jpeg_dma_hw/jpeg_dma_core.o
  CC      drivers/media/platform/msm/sde/rotator/sde_rotator_sync.o
  CC      drivers/media/platform/msm/camera/cam_isp/isp_hw_mgr/isp_hw/vfe_hw/vfe_bus/cam_vfe_bus_ver2.o
  CC      drivers/media/platform/msm/camera/cam_jpeg/jpeg_hw/jpeg_enc_hw/jpeg_enc_core.o
  AR      drivers/media/platform/msm/camera/cam_icp/icp_hw/ipe_hw/built-in.o
  CC      drivers/mmc/core/pwrseq.o
  AR      drivers/media/platform/msm/camera/cam_icp/icp_hw/built-in.o
  CC      drivers/gpu/drm/drm_mode_config.o
  CC      drivers/media/platform/msm/camera/cam_icp/hfi.o
  CC      net/netfilter/xt_u32.o
  CC      drivers/md/dm-bow.o
  CC      drivers/gpu/msm/adreno_a6xx_rgmu.o
  CC      drivers/media/platform/msm/vidc/msm_vidc_res_parse.o
  CC      drivers/media/platform/msm/camera/cam_jpeg/jpeg_hw/jpeg_dma_hw/jpeg_dma_soc.o
  CC      drivers/hid/hid-wiimote-modules.o
  CC      drivers/media/platform/msm/sde/rotator/sde_rotator_debug.o
  AR      net/netfilter/netfilter.o
  AR      net/netfilter/nf_conntrack.o
  CC      drivers/media/platform/msm/camera/cam_jpeg/jpeg_hw/jpeg_enc_hw/jpeg_enc_soc.o
  AR      drivers/media/platform/msm/camera/cam_icp/built-in.o
  AR      net/netfilter/nf_conntrack_h323.o
  CC      drivers/media/platform/msm/camera/cam_isp/cam_isp_dev.o
  AR      net/netfilter/nf_nat.o
  CC      drivers/mmc/core/debugfs.o
  AR      net/netfilter/built-in.o
  AR      net/built-in.o
  CC      drivers/gpu/drm/drm_vblank.o
  CC      drivers/gpu/msm/adreno_sysfs.o
  CC      drivers/media/platform/msm/camera/cam_jpeg/jpeg_hw/cam_jpeg_hw_mgr.o
  AR      drivers/media/platform/msm/camera/cam_jpeg/jpeg_hw/jpeg_dma_hw/built-in.o
  CC      drivers/media/platform/msm/camera/cam_isp/isp_hw_mgr/isp_hw/vfe_hw/vfe_bus/cam_vfe_bus_rd_ver1.o
  AR      drivers/md/dm-mod.o
  AR      drivers/media/usb/b2c2/built-in.o
  AR      drivers/md/dm-verity.o
  AR      drivers/md/built-in.o
  CC      drivers/media/platform/msm/camera/cam_isp/isp_hw_mgr/cam_isp_hw_mgr.o
  AR      drivers/media/usb/dvb-usb/built-in.o
  CC      drivers/hid/hid-wiimote-debug.o
  AR      drivers/media/usb/dvb-usb-v2/built-in.o
  AR      drivers/media/platform/msm/camera/cam_jpeg/jpeg_hw/jpeg_enc_hw/built-in.o
  AR      drivers/media/usb/siano/built-in.o
  AR      drivers/media/usb/s2255/built-in.o
  CC      drivers/media/platform/msm/vidc/venus_hfi.o
  CC      drivers/mmc/core/pwrseq_simple.o
  AR      drivers/media/usb/stkwebcam/built-in.o
  AR      drivers/media/usb/ttusb-budget/built-in.o
  CC      drivers/media/platform/msm/camera/cam_lrme/lrme_hw_mgr/lrme_hw/cam_lrme_hw_dev.o
  AR      drivers/media/usb/ttusb-dec/built-in.o
  CC      drivers/media/platform/msm/camera/cam_isp/isp_hw_mgr/isp_hw/vfe_hw/vfe_top/cam_vfe_camif_lite_ver2.o
  CC      drivers/media/usb/uvc/uvc_driver.o
  CC      drivers/gpu/msm/adreno.o
  CC      drivers/media/platform/msm/sde/rotator/sde_rotator_r1_debug.o
  CC      drivers/hid/usbhid/hid-core.o
  CC      drivers/gpu/drm/drm_syncobj.o
  AR      drivers/media/platform/msm/camera/cam_jpeg/jpeg_hw/built-in.o
  AR      drivers/media/platform/msm/camera/cam_isp/isp_hw_mgr/isp_hw/vfe_hw/vfe_bus/built-in.o
  CC      drivers/gpu/drm/drm_lease.o
  CC      drivers/media/platform/msm/camera/cam_jpeg/cam_jpeg_dev.o
  CC      drivers/gpu/drm/drm_client.o
  CC      drivers/media/platform/msm/camera/cam_lrme/lrme_hw_mgr/lrme_hw/cam_lrme_hw_core.o
  CC      drivers/mmc/core/pwrseq_emmc.o
  CC      drivers/media/platform/msm/camera/cam_isp/isp_hw_mgr/isp_hw/vfe_hw/vfe_top/cam_vfe_top.o
  CC      drivers/media/platform/msm/sde/rotator/sde_rotator_r3_debug.o
  CC      drivers/media/platform/msm/camera/cam_isp/isp_hw_mgr/isp_hw/vfe_hw/vfe_top/cam_vfe_top_ver2.o
  CC      drivers/hid/usbhid/hid-quirks.o
  CC      drivers/media/platform/msm/camera/cam_jpeg/cam_jpeg_context.o
  CC      drivers/net/bonding/bond_main.o
  CC      drivers/mmc/core/block.o
  AR      drivers/net/dsa/b53/built-in.o
  AR      drivers/net/dsa/microchip/built-in.o
  AR      drivers/media/platform/msm/sde/rotator/built-in.o
  AR      drivers/net/dsa/mv88e6xxx/built-in.o
  AR      drivers/media/platform/msm/sde/built-in.o
  AR      drivers/net/dsa/built-in.o
  CC      drivers/media/platform/msm/camera/cam_lrme/lrme_hw_mgr/lrme_hw/cam_lrme_hw_soc.o
  CC      drivers/gpu/drm/drm_client_modeset.o
  CC      drivers/media/platform/msm/vidc/hfi_response_handler.o
  CC      drivers/hid/usbhid/hiddev.o
  AR      drivers/net/ethernet/cadence/built-in.o
  AR      drivers/net/ethernet/packetengines/built-in.o
  AR      drivers/net/ethernet/qcom/built-in.o
  CC      drivers/media/platform/msm/camera/cam_isp/isp_hw_mgr/isp_hw/vfe_hw/vfe_top/cam_vfe_camif_ver2.o
  CC      drivers/media/usb/uvc/uvc_queue.o
  AR      drivers/net/ethernet/qualcomm/emac/built-in.o
  CC      drivers/net/ethernet/qualcomm/rmnet/rmnet_config.o
  AR      drivers/media/platform/msm/camera/cam_jpeg/built-in.o
  CC      drivers/hid/hid-qvr.o
  CC      drivers/gpu/msm/adreno_cp_parser.o
  AR      drivers/media/platform/msm/camera/cam_lrme/lrme_hw_mgr/lrme_hw/built-in.o
  AR      drivers/hid/usbhid/usbhid.o
  CC      drivers/media/platform/msm/camera/cam_lrme/lrme_hw_mgr/cam_lrme_hw_mgr.o
  AR      drivers/hid/usbhid/built-in.o
  CC      drivers/media/platform/msm/camera/cam_isp/cam_isp_context.o
  CC      drivers/media/platform/msm/camera/cam_isp/isp_hw_mgr/cam_ife_hw_mgr.o
  CC      drivers/media/platform/msm/camera/cam_isp/isp_hw_mgr/isp_hw/vfe_hw/vfe_top/cam_vfe_rdi.o
  CC      drivers/media/usb/uvc/uvc_v4l2.o
  CC      drivers/gpu/drm/drm_ioc32.o
  CC      drivers/media/platform/msm/vidc/hfi_packetization.o
  CC      drivers/hid/hid-trace.o
  AR      drivers/media/platform/msm/camera/cam_lrme/lrme_hw_mgr/built-in.o
  CC      drivers/media/platform/msm/camera/cam_lrme/cam_lrme_dev.o
  CC      drivers/mmc/core/queue.o
  CC      drivers/net/bonding/bond_3ad.o
  CC      drivers/net/ethernet/qualcomm/rmnet/rmnet_vnd.o
  AR      drivers/media/usb/zr364xx/built-in.o
  CC      drivers/media/platform/msm/camera/cam_isp/isp_hw_mgr/isp_hw/vfe_hw/vfe_top/cam_vfe_fe_ver1.o
  CC      drivers/gpu/msm/adreno_perfcounter.o
  CC      drivers/media/v4l2-core/v4l2-dev.o
  AR      drivers/hid/hid.o
  AR      drivers/hid/hid-logitech.o
  AR      drivers/hid/hid-picolcd.o
  AR      drivers/hid/wacom.o
  AR      drivers/hid/hid-wiimote.o
  AR      drivers/hid/built-in.o
  CC      drivers/net/phy/mdio-boardinfo.o
  CC      drivers/media/usb/uvc/uvc_video.o
  CC      drivers/gpu/drm/ati_pcigart.o
  CC      drivers/media/platform/msm/camera/cam_lrme/cam_lrme_context.o
  AR      drivers/mmc/core/mmc_core.o
  AR      drivers/mmc/core/mmc_block.o
  CC      drivers/media/platform/msm/vidc/vidc_hfi.o
  AR      drivers/mmc/core/built-in.o
  AR      drivers/mmc/built-in.o
  AR      drivers/media/platform/msm/camera/cam_isp/isp_hw_mgr/isp_hw/vfe_hw/vfe_top/built-in.o
  CC      drivers/media/v4l2-core/v4l2-ioctl.o
  AR      drivers/media/platform/msm/camera/cam_isp/isp_hw_mgr/isp_hw/vfe_hw/built-in.o
  CC      drivers/media/platform/msm/camera/cam_req_mgr/cam_req_mgr_core.o
  AR      drivers/media/platform/msm/camera/cam_isp/isp_hw_mgr/isp_hw/built-in.o
  CC      drivers/net/bonding/bond_alb.o
  CC      drivers/net/ethernet/qualcomm/rmnet/rmnet_handlers.o
  AR      drivers/media/platform/msm/camera/cam_lrme/built-in.o
  CC      drivers/gpu/msm/adreno_iommu.o
  AR      drivers/media/platform/msm/camera/cam_isp/isp_hw_mgr/built-in.o
  AR      drivers/media/platform/msm/camera/cam_isp/built-in.o
  CC      drivers/gpu/drm/drm_panel.o
  CC      drivers/media/usb/uvc/uvc_ctrl.o
  AR      drivers/media/v4l2loopback-master/built-in.o
  CC      drivers/net/ppp/ppp_generic.o
  CC      drivers/net/phy/phy.o
  CC      drivers/media/media-device.o
  CC      drivers/gpu/drm/drm_of.o
  CC      drivers/media/platform/msm/vidc/venus_boot.o
  CC      drivers/net/bonding/bond_sysfs.o
  CC      drivers/net/ethernet/qualcomm/rmnet/rmnet_map_data.o
  CC      drivers/net/phy/phy-c45.o
  CC      drivers/gpu/msm/adreno_debugfs.o
  CC      drivers/media/v4l2-core/v4l2-device.o
  CC      drivers/media/platform/msm/camera/cam_req_mgr/cam_req_mgr_dev.o
  CC      drivers/gpu/drm/drm_debugfs.o
  CC      drivers/nfc/pn547.o
  CC      drivers/media/usb/uvc/uvc_status.o
  CC      drivers/net/slip/slhc.o
  CC      drivers/net/ppp/ppp_async.o
  CC      drivers/media/platform/msm/vidc/msm_vidc_clocks.o
  CC      drivers/net/phy/phy-core.o
  CC      drivers/media/v4l2-core/v4l2-fh.o
  CC      drivers/media/platform/msm/camera/cam_req_mgr/cam_req_mgr_util.o
  CC      drivers/net/bonding/bond_sysfs_slave.o
  CC      drivers/gpu/msm/adreno_profile.o
  CC      drivers/gpu/drm/drm_debugfs_crc.o
  CC      drivers/nfc/p61.o
  CC      drivers/media/usb/uvc/uvc_isight.o
  CC      drivers/net/ethernet/qualcomm/rmnet/rmnet_map_command.o
  CC      drivers/media/v4l2-core/v4l2-event.o
  AR      drivers/net/slip/built-in.o
  CC      drivers/net/ethernet/qualcomm/rmnet/rmnet_descriptor.o
  CC      drivers/media/platform/msm/camera/cam_req_mgr/cam_req_mgr_workq.o
  CC      drivers/net/ppp/bsd_comp.o
  CC      drivers/net/phy/phy_device.o
  AR      drivers/nfc/nfc_logger/built-in.o
  AR      drivers/nfc/built-in.o
  CC      drivers/gpu/drm/drm_mipi_dsi.o
  CC      drivers/media/usb/uvc/uvc_debugfs.o
  CC      drivers/net/bonding/bond_debugfs.o
  CC      drivers/media/platform/msm/camera/cam_sensor_module/cam_actuator/cam_actuator_dev.o
  CC      drivers/media/platform/msm/camera/cam_sensor_module/cam_cci/cam_cci_dev.o
  CC      drivers/media/v4l2-core/v4l2-ctrls.o
  CC      drivers/media/platform/msm/vidc/governors/msm_vidc_dyn_gov.o
  CC      drivers/gpu/msm/adreno_compat.o
  CC      drivers/media/platform/msm/camera/cam_req_mgr/cam_mem_mgr.o
  CC      drivers/media/usb/uvc/uvc_entity.o
  AR      drivers/gpu/drm/bridge/synopsys/built-in.o
  CC      drivers/gpu/drm/bridge/lt9611.o
  AR      drivers/net/ethernet/qualcomm/rmnet/rmnet.o
  AR      drivers/net/ethernet/qualcomm/rmnet/built-in.o
  AR      drivers/net/ethernet/qualcomm/built-in.o
  CC      drivers/net/bonding/bond_netlink.o
  AR      drivers/net/ethernet/built-in.o
  CC      drivers/media/platform/msm/camera/cam_sensor_module/cam_actuator/cam_actuator_core.o
  CC      drivers/media/platform/msm/vidc/governors/msm_vidc_ar50_dyn_gov.o
  AR      drivers/gpu/msm/msm_kgsl_core.o
  CC      drivers/net/phy/mdio_bus.o
  CC      drivers/media/platform/msm/camera/cam_sensor_module/cam_cci/cam_cci_core.o
  AR      drivers/gpu/msm/msm_adreno.o
  AR      drivers/gpu/msm/built-in.o
  CC      drivers/net/phy/mdio_device.o
  CC      drivers/media/platform/msm/camera/cam_smmu/cam_smmu_api.o
  CC      drivers/media/platform/msm/camera/cam_req_mgr/cam_req_mgr_timer.o
  CC      drivers/media/v4l2-core/v4l2-subdev.o
  AR      drivers/media/usb/uvc/uvcvideo.o
  AR      drivers/media/usb/uvc/built-in.o
  AR      drivers/media/usb/built-in.o
  CC      drivers/media/platform/msm/camera/cam_req_mgr/cam_req_mgr_debug.o
  AR      drivers/media/platform/msm/vidc/governors/msm-vidc-dyn-gov.o
  AR      drivers/media/platform/msm/vidc/governors/msm-vidc-ar50-dyn-gov.o
  AR      drivers/media/platform/msm/vidc/governors/built-in.o
  AR      drivers/media/platform/msm/vidc/msm-vidc.o
  AR      drivers/nvme/host/built-in.o
  AR      drivers/media/platform/msm/vidc/built-in.o
  AR      drivers/nvme/target/built-in.o
  AR      drivers/nvme/built-in.o
  CC      drivers/media/platform/msm/camera/cam_sensor_module/cam_csiphy/cam_csiphy_soc.o
  CC      drivers/net/ppp/ppp_deflate.o
  AR      drivers/gpu/drm/hisilicon/built-in.o
  CC      drivers/media/platform/msm/camera/cam_sensor_module/cam_csiphy/cam_csiphy_dev.o
  CC      drivers/net/phy/swphy.o
  AR      drivers/media/platform/msm/camera/cam_req_mgr/built-in.o
  CC      drivers/net/bonding/bond_options.o
  CC      drivers/media/platform/msm/camera/cam_sensor_module/cam_actuator/cam_actuator_soc.o
  AR      drivers/gpu/drm/bridge/built-in.o
  AR      drivers/gpu/drm/i2c/built-in.o
  CC      drivers/media/platform/msm/camera/cam_sensor_module/cam_eeprom/cam_eeprom_dev.o
  CC      drivers/media/platform/msm/camera/cam_sensor_module/cam_cci/cam_cci_soc.o
  AR      drivers/gpu/drm/omapdrm/displays/built-in.o
  AR      drivers/gpu/drm/omapdrm/dss/built-in.o
  AR      drivers/gpu/drm/omapdrm/built-in.o
  CC      drivers/media/v4l2-core/v4l2-clk.o
  CC      drivers/media/platform/msm/camera/cam_sensor_module/cam_eeprom/cam_eeprom_core.o
  AR      drivers/media/platform/msm/camera/cam_smmu/built-in.o
  CC      drivers/nvmem/core.o
  CC      drivers/gpu/drm/msm/dp/dp_usbpd.o
  CC      drivers/net/phy/fixed_phy.o
  CC      drivers/media/platform/msm/camera/cam_sensor_module/cam_csiphy/cam_csiphy_core.o
  CC      drivers/net/usb/rtl8150.o
  AR      drivers/media/platform/msm/camera/cam_sensor_module/cam_actuator/built-in.o
  CC      drivers/net/bonding/bond_procfs.o
  CC      drivers/net/ppp/ppp_mppe.o
  CC      drivers/media/v4l2-core/v4l2-async.o
  AR      drivers/media/platform/msm/camera/cam_sensor_module/cam_cci/built-in.o
  CC      drivers/media/media-devnode.o
  CC      drivers/of/base.o
  CC      drivers/media/platform/msm/camera/cam_sensor_module/cam_eeprom/cam_eeprom_soc.o
  CC      drivers/nvmem/qcom-spmi-sdam.o
  CC      drivers/of/device.o
  AR      drivers/net/bonding/bonding.o
  AR      drivers/net/bonding/built-in.o
  CC      drivers/media/platform/msm/camera/cam_sync/cam_sync.o
  CC      drivers/net/phy/microchip.o
  CC      drivers/net/usb/r8152.o
  AR      drivers/media/platform/msm/camera/cam_sensor_module/cam_csiphy/built-in.o
  CC      drivers/gpu/drm/msm/dp/dp_parser.o
  AR      drivers/gpu/drm/panel/built-in.o
  AR      drivers/nvmem/nvmem_core.o
  CC      drivers/media/platform/msm/camera/cam_sensor_module/cam_flash/cam_flash_dev.o
  AR      drivers/nvmem/built-in.o
  CC      drivers/media/platform/msm/camera/cam_sensor_module/cam_flash/cam_flash_core.o
  CC      drivers/media/v4l2-core/v4l2-compat-ioctl32.o
  CC      drivers/media/platform/msm/camera/cam_sensor_module/cam_ois/cam_ois_dev.o
  AR      drivers/media/platform/msm/camera/cam_sensor_module/cam_eeprom/built-in.o
  CC      drivers/media/platform/msm/camera/cam_sensor_module/cam_flash/cam_flash_soc.o
  CC      drivers/media/platform/msm/camera/cam_utils/cam_soc_util.o
  CC      drivers/of/platform.o
  AR      drivers/net/phy/libphy.o
  AR      drivers/net/phy/built-in.o
  CC      drivers/net/ppp/ppp_synctty.o
  CC      drivers/media/platform/msm/camera/cam_sync/cam_sync_util.o
  CC      drivers/net/usb/lan78xx.o
  CC      drivers/media/platform/msm/camera/cam_sensor_module/cam_ois/cam_ois_core.o
  CC      drivers/gpu/drm/msm/dp/dp_power.o
  CC      drivers/media/platform/msm/camera/cam_utils/cam_io_util.o
  CC      drivers/media/platform/msm/camera/cam_utils/cam_packet_util.o
  AR      drivers/gpu/drm/tilcdc/built-in.o
  CC      drivers/of/property.o
  CC      drivers/media/platform/msm/camera/cam_utils/cam_debug_util.o
  CC      drivers/media/platform/msm/camera/cam_sensor_module/cam_ois/cam_ois_soc.o
  AR      drivers/media/platform/msm/camera/cam_sync/built-in.o
  AR      drivers/media/platform/msm/camera/cam_sensor_module/cam_flash/built-in.o
  CC      drivers/media/media-entity.o
  CC      drivers/pci/access.o
  CC      drivers/gpu/drm/msm/dp/dp_catalog.o
  CC      drivers/pci/bus.o
  CC      drivers/net/wireless/cnss_genl/cnss_nl.o
  CC      drivers/media/v4l2-core/vb2-trace.o
  CC      drivers/of/kobj.o
  CC      drivers/media/platform/msm/camera/cam_utils/cam_trace.o
  CC      drivers/net/ppp/pppox.o
  AR      drivers/media/platform/msm/camera/cam_sensor_module/cam_ois/built-in.o
  CC      drivers/pci/probe.o
  CC      drivers/net/wireless/cnss_prealloc/cnss_prealloc.o
  CC      drivers/media/platform/msm/camera/cam_sensor_module/cam_res_mgr/cam_res_mgr.o
  CC      drivers/of/fdt.o
  CC      drivers/net/usb/asix_devices.o
  CC      drivers/net/usb/asix_common.o
  CC      drivers/media/v4l2-core/v4l2-trace.o
  AR      drivers/net/wireless/cnss_prealloc/built-in.o
  AR      drivers/gpu/drm/drm_kms_helper.o
  CC      drivers/gpu/drm/msm/dp/dp_catalog_v420.o
  AR      drivers/net/wireless/cnss_genl/built-in.o
  CC      drivers/net/wireless/cnss_utils/cnss_utils.o
  CC      drivers/media/platform/msm/camera/cam_utils/cam_common_util.o
  CC      drivers/pci/host-bridge.o
  AR      drivers/media/platform/msm/camera/cam_sensor_module/cam_res_mgr/built-in.o
  CC      drivers/media/platform/msm/camera/cam_utils/cam_cx_ipeak.o
  CC      drivers/media/platform/msm/camera/cam_sensor_module/cam_sensor/cam_sensor_dev.o
  CC      drivers/net/dummy.o
  CC      drivers/pci/dwc/pcie-hisi.o
  AR      drivers/media/media.o
  CC      drivers/of/fdt_address.o
  CC      drivers/media/v4l2-core/v4l2-mc.o
  CC      drivers/media/v4l2-core/v4l2-common.o
  CC      drivers/net/usb/ax88172a.o
  CC      drivers/gpu/drm/msm/dp/dp_catalog_v200.o
  CC      drivers/pci/remove.o
  AR      drivers/net/wireless/cnss_utils/built-in.o
  AR      drivers/net/wireless/built-in.o
  AR      drivers/gpu/drm/drm.o
  CC      drivers/of/address.o
  CC      drivers/of/irq.o
  AR      drivers/media/platform/msm/camera/cam_utils/built-in.o
  AR      drivers/pci/dwc/built-in.o
  CC      drivers/media/platform/msm/camera/cam_sensor_module/cam_sensor/cam_sensor_core.o
  CC      drivers/net/ppp/pppoe.o
  CC      drivers/media/platform/msm/camera/cam_sensor_module/cam_sensor_io/cam_sensor_io.o
  CC      drivers/pci/pci.o
  CC      drivers/net/usb/ax88179_178a.o
  CC      drivers/media/v4l2-core/v4l2-dv-timings.o
  CC      drivers/gpu/drm/msm/dp/dp_aux.o
  CC      drivers/of/of_net.o
  CC      drivers/net/ppp/pptp.o
  CC      drivers/media/platform/msm/camera/cam_sensor_module/cam_sensor_io/cam_sensor_cci_i2c.o
  CC      drivers/perf/arm_pmu.o
  CC      drivers/media/v4l2-core/v4l2-mem2mem.o
  CC      drivers/media/platform/msm/camera/cam_sensor_module/cam_sensor_utils/cam_sensor_util.o
  CC      drivers/net/usb/cdc_ether.o
  CC      drivers/media/platform/msm/camera/cam_sensor_module/cam_sensor/cam_sensor_soc.o
  CC      drivers/pci/pci-driver.o
  CC      drivers/net/mii.o
  CC      drivers/of/of_mdio.o
  CC      drivers/media/platform/msm/camera/cam_sensor_module/cam_sensor_io/cam_sensor_qup_i2c.o
  CC      drivers/gpu/drm/msm/dp/dp_panel.o
  CC      drivers/perf/arm_pmu_platform.o
  CC      drivers/net/ppp/pppolac.o
  CC      drivers/net/usb/cdc_eem.o
  CC      drivers/media/v4l2-core/videobuf2-core.o
  CC      drivers/of/of_pci.o
  CC      drivers/phy/phy-core.o
  CC      drivers/media/platform/msm/camera/cam_sensor_module/cam_sensor/cam_sensor_mipi.o
  CC      drivers/media/platform/msm/camera/cam_sensor_module/cam_sensor_utils/cam_sysfs_init.o
  CC      drivers/pci/search.o
  CC      drivers/media/platform/msm/camera/cam_sensor_module/cam_sensor_io/cam_sensor_spi.o
  CC      drivers/perf/qcom_llcc_pmu.o
  CC      drivers/net/ppp/pppopns.o
  CC      drivers/of/of_pci_irq.o
  CC      drivers/gpu/drm/msm/dp/dp_link.o
  CC      drivers/net/usb/smsc75xx.o
  AR      drivers/media/platform/msm/camera/cam_sensor_module/cam_sensor/built-in.o
  CC      drivers/media/v4l2-core/videobuf2-v4l2.o
  AR      drivers/phy/broadcom/built-in.o
  AR      drivers/phy/hisilicon/built-in.o
  AR      drivers/phy/marvell/built-in.o
  AR      drivers/media/platform/msm/camera/cam_sensor_module/cam_sensor_utils/built-in.o
  CC      drivers/pci/pci-sysfs.o
  CC      drivers/of/of_reserved_mem.o
  CC      drivers/net/Space.o
  AR      drivers/phy/motorola/built-in.o
  CC      drivers/phy/qualcomm/phy-qcom-ufs.o
  AR      drivers/perf/built-in.o
  CC      drivers/phy/qualcomm/phy-qcom-ufs-qmp-14nm.o
  CC      drivers/phy/qualcomm/phy-qcom-ufs-qmp-v3.o
  AR      drivers/media/platform/msm/camera/cam_sensor_module/cam_sensor_io/built-in.o
  AR      drivers/media/platform/msm/camera/cam_sensor_module/built-in.o
  AR      drivers/media/platform/msm/camera/built-in.o
  CC      drivers/net/usb/smsc95xx.o
  AR      drivers/media/platform/msm/built-in.o
  CC      drivers/of/of_slimbus.o
  CC      drivers/media/v4l2-core/videobuf2-memops.o
  AR      drivers/media/platform/built-in.o
  CC      drivers/pci/rom.o
  CC      drivers/phy/qualcomm/phy-qcom-ufs-qrbtc-sdm845.o
  AR      drivers/net/ppp/built-in.o
  CC      drivers/gpu/drm/msm/dp/dp_ctrl.o
  CC      drivers/net/usb/net1080.o
  CC      drivers/media/v4l2-core/videobuf2-vmalloc.o
  CC      drivers/phy/qualcomm/phy-qcom-ufs-qmp-v3-660.o
  CC      drivers/pinctrl/core.o
  CC      drivers/of/of_batterydata.o
  AR      drivers/phy/ralink/built-in.o
  CC      drivers/gpu/drm/msm/dp/dp_audio.o
  CC      drivers/platform/msm/msm_ext_display.o
  CC      drivers/net/loopback.o
  CC      drivers/pci/setup-res.o
  CC      drivers/pinctrl/pinctrl-utils.o
  AR      drivers/media/v4l2-core/videodev.o
  CC      drivers/phy/qualcomm/phy-qcom-ufs-qmp-v4.o
  AR      drivers/media/v4l2-core/built-in.o
  AR      drivers/media/built-in.o
  AR      drivers/of/built-in.o
  CC      drivers/gpu/drm/msm/dp/dp_debug.o
  AR      drivers/phy/samsung/built-in.o
  CC      drivers/net/tun.o
  CC      drivers/platform/msm/qcom-geni-se.o
  CC      drivers/net/usb/cdc_subset.o
  CC      drivers/pci/irq.o
  AR      drivers/phy/st/built-in.o
  CC      drivers/gpu/drm/msm/dp/dp_mst_sim_helper.o
  CC      drivers/pinctrl/pinmux.o
  CC      drivers/power/reset/msm-poweroff.o
  AR      drivers/phy/qualcomm/built-in.o
  CC      drivers/gpu/drm/msm/dp/dp_mst_sim.o
  AR      drivers/phy/ti/built-in.o
  CC      drivers/gpu/drm/msm/dp/dp_hpd.o
  AR      drivers/phy/built-in.o
  CC      drivers/net/usb/zaurus.o
  CC      drivers/platform/msm/qpnp-revid.o
  CC      drivers/pci/vpd.o
  CC      drivers/pinctrl/pinconf.o
  CC      drivers/power/supply/power_supply_core.o
  CC      drivers/gpu/drm/msm/dp/dp_aux_bridge.o
  CC      drivers/platform/msm/gsi/gsi.o
  CC      drivers/power/reset/xgene-reboot.o
  CC      drivers/pci/setup-bus.o
  AR      drivers/ptp/built-in.o
  CC      drivers/pwm/core.o
  CC      drivers/pinctrl/devicetree.o
  CC      drivers/net/usb/usbnet.o
  CC      drivers/pwm/sysfs.o
  CC      drivers/platform/msm/gsi/gsi_dbg.o
  CC      drivers/gpu/drm/msm/dp/dp_bridge_hpd.o
  CC      drivers/power/supply/power_supply_sysfs.o
  CC      drivers/power/reset/syscon-reboot.o
  CC      drivers/platform/msm/ipa/ipa_clients/ipa_usb.o
  CC      drivers/pinctrl/pinconf-generic.o
  CC      drivers/pwm/pwm-qti-lpg.o
  CC      drivers/power/supply/power_supply_leds.o
  CC      drivers/pci/vc.o
  CC      drivers/platform/msm/ipa/ipa_v3/ipahal/ipahal.o
  CC      drivers/platform/msm/ipa/ipa_v3/ipa.o
  AR      drivers/power/reset/built-in.o
  CC      drivers/platform/msm/ipa/ipa_clients/odu_bridge.o
  CC      drivers/platform/msm/ipa/ipa_v3/ipa_debugfs.o
  CC      drivers/gpu/drm/msm/dp/dp_gpio_hpd.o
  AR      drivers/platform/msm/gsi/gsidbg.o
  CC      drivers/power/supply/qcom/smb1390-charger-psy.o
  AR      drivers/platform/msm/gsi/built-in.o
  CC      drivers/ras/ras.o
  AR      drivers/pinctrl/bcm/built-in.o
  AR      drivers/pinctrl/freescale/built-in.o
  CC      drivers/net/usb/cdc_ncm.o
  AR      drivers/pinctrl/mvebu/built-in.o
  AR      drivers/pinctrl/nomadik/built-in.o
  CC      drivers/pci/mmap.o
  CC      drivers/pinctrl/qcom/pinctrl-msm.o
  AR      drivers/pwm/built-in.o
  AR      drivers/power/supply/power_supply.o
  CC      drivers/platform/msm/ipa/ipa_v3/ipahal/ipahal_reg.o
  CC      drivers/gpu/drm/msm/dp/dp_lphw_hpd.o
  CC      drivers/power/supply/qcom/pmic-voter.o
  CC      drivers/ras/debugfs.o
  CC      drivers/platform/msm/ipa/ipa_clients/ipa_mhi_client.o
  CC      drivers/platform/msm/ipa/ipa_api.o
  CC      drivers/pci/setup-irq.o
  AR      drivers/ras/built-in.o
  CC      drivers/platform/msm/ipa/ipa_v3/ipa_hdr.o
  CC      drivers/pci/proc.o
  AR      drivers/power/supply/qcom/built-in.o
  AR      drivers/power/supply/built-in.o
  AR      drivers/power/built-in.o
  AR      drivers/pinctrl/sprd/built-in.o
  CC      drivers/net/usb/cdc_mbim.o
  CC      drivers/pinctrl/qcom/pinctrl-spmi-gpio.o
  CC      drivers/gpu/drm/msm/dp/dp_display.o
  CC      drivers/platform/msm/ipa/ipa_clients/ipa_uc_offload.o
  CC      drivers/platform/msm/seemp_core/seemp_logk.o
  CC      drivers/pci/slot.o
  CC      drivers/platform/msm/ipa/ipa_v3/ipahal/ipahal_fltrt.o
  CC      drivers/platform/msm/ipa/ipa_rm.o
  CC      drivers/pinctrl/qcom/pinctrl-spmi-mpp.o
  CC      drivers/redriver/ptn36502.o
  AR      drivers/pinctrl/ti/built-in.o
  AR      drivers/net/usb/asix.o
  AR      drivers/net/usb/built-in.o
  CC      drivers/platform/msm/sps/bam.o
  CC      drivers/platform/msm/ipa/ipa_clients/ipa_wdi3.o
  AR      drivers/net/built-in.o
  CC      drivers/platform/msm/seemp_core/seemp_ringbuf.o
  CC      drivers/pci/quirks.o
  CC      drivers/platform/msm/seemp_core/seemp_event_encoder.o
  CC      drivers/pinctrl/qcom/pinctrl-sm8150.o
  CC      drivers/regulator/core.o
  AR      drivers/redriver/built-in.o
  CC      drivers/gpu/drm/msm/dp/dp_drm.o
  CC      drivers/platform/msm/ipa/ipa_clients/ipa_gsb.o
  AR      drivers/pinctrl/qcom/built-in.o
  AR      drivers/pinctrl/built-in.o
  CC      drivers/platform/msm/sps/sps_bam.o
  CC      drivers/platform/msm/ipa/ipa_rm_dependency_graph.o
  AR      drivers/platform/msm/seemp_core/seemp_core.o
  AR      drivers/platform/msm/seemp_core/built-in.o
  CC      drivers/platform/msm/ipa/ipa_rm_peers_list.o
  CC      drivers/pci/msi.o
  CC      drivers/gpu/drm/msm/dp/dp_hdcp2p2.o
  CC      drivers/platform/msm/ipa/ipa_v3/ipahal/ipahal_hw_stats.o
  CC      drivers/regulator/dummy.o
  CC      drivers/platform/msm/sps/sps.o
  CC      drivers/gpu/drm/msm/dp/dp_mst_drm.o
  CC      drivers/platform/msm/ipa/ipa_v3/ipa_flt.o
  CC      drivers/reset/core.o
  CC      drivers/platform/msm/usb_bam.o
  CC      drivers/pci/syscall.o
  CC      drivers/platform/msm/ipa/ipa_clients/ipa_wigig.o
  CC      drivers/gpu/drm/msm/sde/sde_crtc.o
  CC      drivers/platform/msm/ipa/ipa_clients/rndis_ipa.o
  CC      drivers/regulator/fixed-helper.o
  AR      drivers/reset/hisilicon/built-in.o
  AR      drivers/reset/built-in.o
  CC      drivers/platform/msm/sps/sps_dma.o
  CC      drivers/pci/of.o
  CC      drivers/platform/msm/ipa/ipa_rm_resource.o
  CC      drivers/platform/msm/ipa/ipa_v3/ipahal/ipahal_nat.o
  CC      drivers/regulator/helpers.o
  CC      drivers/platform/msm/ipa/ipa_v3/ipa_rt.o
  CC      drivers/gpu/drm/msm/sde/sde_encoder.o
  CC      drivers/rpmsg/rpmsg_core.o
  CC      drivers/pci/host/pci-msm.o
  CC      drivers/platform/msm/sps/sps_map.o
  AR      drivers/pci/switch/built-in.o
  CC      drivers/platform/msm/ipa/ipa_rm_inactivity_timer.o
  AR      drivers/platform/msm/ipa/ipa_clients/built-in.o
  CC      drivers/regulator/devres.o
  CC      drivers/platform/msm/ipa/ipa_v3/ipa_dp.o
  CC      drivers/rpmsg/rpmsg_char.o
  CC      drivers/platform/msm/sps/sps_mem.o
  AR      drivers/platform/msm/ipa/ipa_v3/ipahal/ipa_hal.o
  CC      drivers/gpu/drm/msm/sde/sde_encoder_phys_vid.o
  CC      drivers/regulator/of_regulator.o
  AR      drivers/platform/msm/ipa/ipa_v3/ipahal/built-in.o
  CC      drivers/regulator/fixed.o
  CC      drivers/pci/host/pci-msm-msi.o
  CC      drivers/rpmsg/qcom_glink_native.o
  CC      drivers/platform/msm/sps/sps_rm.o
  CC      drivers/rtc/rtc-lib.o
  CC      drivers/gpu/drm/msm/sde/sde_encoder_phys_cmd.o
  CC      drivers/rtc/hctosys.o
  CC      drivers/rpmsg/qcom_glink_smem.o
  CC      drivers/regulator/proxy-consumer.o
  CC      drivers/pci/host/pci-thunder-ecam.o
  CC      drivers/platform/msm/ipa/ipa_v3/ipa_client.o
  CC      drivers/samsung/sec_class.o
  CC      drivers/rtc/systohc.o
  CC      drivers/pci/host/pci-thunder-pem.o
  AR      drivers/platform/msm/sps/built-in.o
  CC      drivers/gpu/drm/msm/sde/sde_irq.o
  CC      drivers/scsi/scsi.o
  CC      drivers/regulator/s2mpb02-regulator.o
  CC      drivers/samsung/sec_kcompat.o
  CC      drivers/platform/msm/ipa/ipa_v3/ipa_utils.o
  CC      drivers/rtc/class.o
  CC      drivers/rtc/interface.o
  CC      drivers/rpmsg/qcom_glink_spss.o
  CC      drivers/samsung/sec_param.o
  CC      drivers/scsi/hosts.o
  CC      drivers/pci/host/pci-xgene.o
  CC      drivers/regulator/s2mpb03.o
  CC      drivers/security/samsung/tzic/tzic64.o
  CC      drivers/gpu/drm/msm/sde/sde_core_irq.o
  CC      drivers/rpmsg/qcom_glink_spi.o
  CC      drivers/samsung/sec_sysup.o
  CC      drivers/samsung/debug/sec_debug.o
  CC      drivers/rtc/nvmem.o
  CC      drivers/security/samsung/tzic/tzic_qsee.o
  CC      drivers/gpu/drm/msm/sde/sde_core_perf.o
  CC      drivers/sensors/sensors_ssc.o
  AR      drivers/security/samsung/tzic/tzic_driver.o
  AR      drivers/security/samsung/tzic/built-in.o
  CC      drivers/platform/msm/ipa/ipa_v3/ipa_nat.o
  AR      drivers/pci/host/built-in.o
  AR      drivers/pci/built-in.o
  CC      drivers/rtc/rtc-dev.o
  CC      drivers/samsung/misc/sec_misc.o
  CC      drivers/scsi/scsi_ioctl.o
  CC      drivers/regulator/s2dos05.o
  CC      drivers/samsung/debug/sec_debug_node.o
  AR      drivers/rpmsg/built-in.o
  CC      drivers/sensors/sensors_core.o
  CC      drivers/sensors/sx9360.o
  CC      drivers/gpu/drm/msm/sde/sde_rm.o
  CC      drivers/rtc/rtc-proc.o
  CC      drivers/platform/msm/ipa/ipa_v3/ipa_intf.o
  CC      drivers/regulator/s2dos05_powermeter.o
  CC      drivers/scsi/scsicam.o
  CC      drivers/samsung/misc/sec_smem.o
  CC      drivers/samsung/debug/sec_debug_partition.o
  CC      drivers/slimbus/slimbus.o
  CC      drivers/slimbus/slim-msm.o
  CC      drivers/regulator/refgen.o
  CC      drivers/rtc/rtc-sysfs.o
  CC      drivers/scsi/scsi_error.o
  AR      drivers/samsung/misc/built-in.o
  CC      drivers/samsung/debug/sec_hw_param.o
  AR      drivers/sensors/built-in.o
  CC      drivers/samsung/debug/sec_key_notifier.o
  CC      drivers/samsung/debug/sec_crashkey.o
  CC      drivers/gpu/drm/msm/sde/sde_kms_utils.o
  AR      drivers/soc/bcm/built-in.o
  CC      drivers/regulator/rpmh-regulator.o
  CC      drivers/samsung/debug/sec_crashkey_long.o
  AR      drivers/soc/fsl/built-in.o
  CC      drivers/rtc/qpnp-rtc.o
  CC      drivers/soc/qcom/mdt_loader.o
  CC      drivers/platform/msm/ipa/ipa_v3/teth_bridge.o
  AR      drivers/soc/renesas/built-in.o
  CC      drivers/gpu/drm/msm/sde/sde_kms.o
  CC      drivers/spi/spi.o
  CC      drivers/scsi/scsi_lib.o
  CC      drivers/soc/qcom/llcc-core.o
  CC      drivers/samsung/debug/sec_log_buf.o
  CC      drivers/spi/spidev.o
  CC      drivers/regulator/stub-regulator.o
  CC      drivers/spmi/spmi.o
  AR      drivers/rtc/rtc-core.o
  AR      drivers/rtc/built-in.o
  CC      drivers/soc/qcom/llcc-slice.o
  CC      drivers/platform/msm/ipa/ipa_v3/ipa_interrupts.o
  CC      drivers/slimbus/slim-msm-ngd.o
  CC      drivers/samsung/debug/sec_init_log.o
  CC      drivers/gpu/drm/msm/sde/sde_plane.o
  CC      drivers/spmi/spmi-pmic-arb.o
  CC      drivers/soc/qcom/llcc-sm8150.o
  CC      drivers/gpu/drm/msm/sde/sde_connector.o
  AR      drivers/regulator/built-in.o
  CC      drivers/scsi/scsi_common.o
  CC      drivers/spi/spi-geni-qcom.o
  CC      drivers/staging/android/ion/ion.o
  CC      drivers/scsi/constants.o
  CC      drivers/soc/qcom/qmi_encdec.o
  AR      drivers/samsung/debug/built-in.o
  AR      drivers/samsung/built-in.o
  AR      drivers/spmi/simulator/built-in.o
  CC      drivers/staging/android/ion/ion-ioctl.o
  CC      drivers/platform/msm/ipa/ipa_v3/ipa_uc.o
  AR      drivers/spmi/built-in.o
  CC      drivers/gpu/drm/msm/sde/sde_color_processing.o
  CC      drivers/scsi/scsi_lib_dma.o
  CC      drivers/scsi/scsi_scan.o
  CC      drivers/scsi/scsi_sysfs.o
  AR      drivers/spi/built-in.o
  CC      drivers/staging/android/ashmem.o
  CC      drivers/soc/qcom/qmi_interface.o
  CC      drivers/staging/android/ion/ion_heap.o
  CC      drivers/platform/msm/ipa/ipa_v3/ipa_uc_wdi.o
  AR      drivers/slimbus/built-in.o
  CC      drivers/staging/samsung/sec_notifier/vbus_notifier.o
  AR      drivers/staging/iio/accel/built-in.o
  AR      drivers/staging/iio/adc/built-in.o
  CC      drivers/soc/qcom/qmi_rmnet.o
  AR      drivers/staging/iio/addac/built-in.o
  AR      drivers/staging/iio/cdc/built-in.o
  CC      drivers/gpu/drm/msm/sde/sde_vbif.o
  AR      drivers/staging/iio/frequency/built-in.o
  AR      drivers/staging/iio/gyro/built-in.o
  AR      drivers/staging/iio/impedance-analyzer/built-in.o
  AR      drivers/staging/iio/light/built-in.o
  CC      drivers/staging/android/ion/ion_page_pool.o
  AR      drivers/staging/iio/meter/built-in.o
  CC      drivers/platform/msm/ipa/ipa_v3/ipa_dma.o
  AR      drivers/staging/iio/resolver/built-in.o
  AR      drivers/staging/iio/trigger/built-in.o
  AR      drivers/staging/iio/built-in.o
  AR      drivers/staging/samsung/sec_notifier/built-in.o
  CC      drivers/scsi/scsi_devinfo.o
  CC      drivers/gpu/drm/msm/sde_io_util.o
  AR      drivers/staging/media/built-in.o
  CC      drivers/staging/android/ion/ion_system_heap.o
  CC      drivers/platform/msm/ipa/ipa_v3/ipa_uc_mhi.o
  CC      drivers/switch/switch_class.o
  CC      drivers/staging/android/ion/ion_carveout_heap.o
  CC      drivers/soc/qcom/dfc_qmi.o
  CC      drivers/thermal/thermal_core.o
  CC      drivers/scsi/scsi_sysctl.o
  CC      drivers/gpu/drm/msm/sde/sde_hw_reg_dma_v1_color_proc.o
  AR      drivers/switch/built-in.o
  CC      drivers/platform/msm/ipa/ipa_v3/ipa_mhi.o
  CC      drivers/soc/qcom/dfc_qmap.o
  CC      drivers/thermal/thermal_sysfs.o
  CC      drivers/staging/android/ion/ion_chunk_heap.o
  AR      drivers/staging/samsung/built-in.o
  CC      drivers/gpu/drm/msm/sde/sde_hw_color_proc_v4.o
  CC      drivers/tty/tty_io.o
  CC      drivers/scsi/scsi_proc.o
  CC      drivers/platform/msm/ipa/ipa_v3/ipa_uc_ntn.o
  CC      drivers/staging/android/ion/ion_system_secure_heap.o
  CC      drivers/soc/qcom/wda_qmi.o
  CC      drivers/gpu/drm/msm/sde/sde_hw_ad4.o
  AR      drivers/staging/typec/fusb302/built-in.o
  AR      drivers/staging/typec/built-in.o
  CC      drivers/uio/uio.o
  CC      drivers/tty/n_tty.o
  CC      drivers/platform/msm/ipa/ipa_v3/ipa_hw_stats.o
  CC      drivers/scsi/scsi_debugfs.o
  CC      drivers/thermal/thermal_helpers.o
  CC      drivers/staging/android/ion/ion_cma_heap.o
  CC      drivers/uio/msm_sharedmem/msm_sharedmem.o
  CC      drivers/thermal/thermal_hwmon.o
  CC      drivers/usb/class/cdc-acm.o
  CC      drivers/scsi/scsi_trace.o
  CC      drivers/soc/qcom/smem.o
  CC      drivers/thermal/of-thermal.o
  CC      drivers/gpu/drm/msm/sde_edid_parser.o
  CC      drivers/staging/qcacld-3.0/core/hdd/src/wlan_hdd_assoc.o
  CC      drivers/video/hdmi.o
  CC      drivers/tty/tty_ioctl.o
  AR      drivers/uio/msm_sharedmem/built-in.o
  CC      drivers/staging/android/ion/ion_secure_util.o
  AR      drivers/uio/built-in.o
  CC      drivers/video/backlight/lcd.o
  CC      drivers/thermal/step_wise.o
  CC      drivers/soc/qcom/smem_state.o
  CC      drivers/video/backlight/backlight.o
  CC      drivers/platform/msm/ipa/ipa_v3/ipa_pm.o
  CC      drivers/soc/qcom/smp2p.o
  CC      drivers/tty/tty_ldisc.o
  CC      drivers/usb/class/cdc-wdm.o
  CC      drivers/scsi/scsi_logging.o
  CC      drivers/staging/qcacld-3.0/core/hdd/src/wlan_hdd_cfg.o
  CC      drivers/staging/android/ion/ion_cma_secure_heap.o
  CC      drivers/thermal/user_space.o
  CC      drivers/gpu/drm/msm/sde_dbg.o
  CC      drivers/video/fbdev/core/fb_cmdline.o
  CC      drivers/video/backlight/generic_bl.o
  CC      drivers/tty/tty_buffer.o
  AR      drivers/usb/class/built-in.o
  CC      drivers/usb/common/common.o
  CC      drivers/soc/qcom/scm.o
  CC      drivers/thermal/gov_low_limits.o
  CC      drivers/scsi/scsi_pm.o
  CC      drivers/video/fbdev/core/fb_notify.o
  CC      drivers/tty/tty_port.o
  AR      drivers/video/backlight/built-in.o
  CC      drivers/platform/msm/ipa/ipa_v3/ipa_wdi3_i.o
  AR      drivers/usb/common/usb-common.o
  AR      drivers/usb/common/built-in.o
  CC      drivers/staging/android/ion/msm/msm_ion_of.o
  CC      drivers/usb/core/usb.o
  CC      drivers/thermal/cpu_cooling.o
  CC      drivers/scsi/ufs/ufs-qcom.o
  CC      drivers/tty/tty_mutex.o
  CC      drivers/watchdog/watchdog_core.o
  CC      drivers/soc/qcom/scm-boot.o
  CC      drivers/video/fbdev/core/fbmem.o
  CC      drivers/tty/tty_ldsem.o
  CC      drivers/gpu/drm/msm/sde_dbg_evtlog.o
  CC      drivers/soc/qcom/early_random.o
  AR      drivers/staging/android/ion/msm/built-in.o
  AR      drivers/staging/android/ion/built-in.o
  CC      drivers/video/display_timing.o
  AR      drivers/staging/android/built-in.o
  CC      drivers/watchdog/watchdog_dev.o
  CC      drivers/thermal/devfreq_cooling.o
  CC      drivers/soc/qcom/socinfo.o
  CC      drivers/staging/qcacld-3.0/core/hdd/src/wlan_hdd_cfg80211.o
  CC      drivers/usb/core/hub.o
  CC      drivers/platform/msm/ipa/ipa_v3/ipa_odl.o
  CC      drivers/usb/dwc3/core.o
  CC      drivers/tty/tty_baudrate.o
  CC      drivers/gpu/drm/msm/sde_hdcp_1x.o
  CC      drivers/video/fbdev/core/fbmon.o
  CC      drivers/soc/qcom/dcc_v2.o
  CC      drivers/usb/gadget/usbstring.o
  CC      drivers/watchdog/softdog.o
  CC      drivers/scsi/ufs/ufshcd.o
  AR      drivers/thermal/broadcom/built-in.o
  CC      drivers/thermal/qcom/qti_virtual_sensor.o
  CC      drivers/tty/tty_jobctrl.o
  CC      drivers/usb/gadget/config.o
  AR      drivers/watchdog/watchdog.o
  AR      drivers/watchdog/built-in.o
  CC      drivers/usb/dwc3/debug_ipc.o
  CC      drivers/soc/qcom/secure_buffer.o
  CC      drivers/thermal/qcom/regulator_aop_cdev.o
  CC      drivers/tty/n_null.o
  CC      drivers/platform/msm/ipa/ipa_v3/ipa_wigig_i.o
  CC      drivers/gpu/drm/msm/sde_hdcp_2x.o
  CC      drivers/usb/core/hcd.o
  CC      drivers/scsi/sd.o
  CC      drivers/usb/gadget/epautoconf.o
  CC      drivers/usb/dwc3/trace.o
  CC      drivers/soc/qcom/watchdog_v2.o
  CC      drivers/thermal/qcom/regulator_cdev.o
  CC      drivers/video/fbdev/core/fbcmap.o
  CC      drivers/tty/pty.o
  CC      drivers/usb/gadget/composite.o
  CC      drivers/gpu/drm/msm/dp/secdp_sysfs.o
  CC      drivers/thermal/qcom/thermal_mitigation_device_service_v01.o
  CC      drivers/soc/qcom/qpnp-pbs.o
  CC      drivers/video/fbdev/core/fbsysfs.o
  CC      drivers/soc/qcom/icnss.o
  CC      drivers/usb/dwc3/host.o
  CC      drivers/thermal/qcom/qmi_cooling.o
  CC      drivers/usb/core/urb.o
  CC      drivers/platform/msm/ipa/ipa_v3/ipa_qdss.o
  CC      drivers/tty/sysrq.o
  AR      drivers/video/fbdev/omap2/omapfb/displays/built-in.o
  AR      drivers/video/fbdev/omap2/omapfb/dss/built-in.o
  AR      drivers/video/fbdev/omap2/omapfb/built-in.o
  CC      drivers/gpu/drm/msm/dp/secdp_unit_test.o
  AR      drivers/video/fbdev/omap2/built-in.o
  CC      drivers/staging/qcacld-3.0/core/hdd/src/wlan_hdd_data_stall_detection.o
  CC      drivers/video/fbdev/core/modedb.o
  CC      drivers/thermal/qcom/thermal_sensor_service_v01.o
  CC      drivers/usb/dwc3/gadget.o
  CC      drivers/thermal/qcom/qmi_sensors.o
  CC      drivers/usb/core/message.o
  CC      drivers/gpu/drm/msm/dp/secdp_aux_control.o
  CC      drivers/usb/gadget/functions.o
  CC      drivers/platform/msm/ipa/ipa_v3/rmnet_ipa.o
  CC      drivers/scsi/ufs/ufshcd-crypto.o
  AR      drivers/tty/ipwireless/built-in.o
  CC      drivers/tty/serial/serial_core.o
  CC      drivers/soc/qcom/icnss_qmi.o
  CC      drivers/video/fbdev/core/fbcvt.o
  CC      drivers/thermal/qcom/bcl_pmic5.o
  CC      drivers/gpu/drm/msm/sde_rsc.o
  CC      drivers/usb/gadget/configfs.o
  CC      drivers/scsi/ufs/ufshcd-crypto-qti.o
  CC      drivers/usb/gadget/u_f.o
  CC      drivers/thermal/qcom/adc-tm.o
  CC      drivers/video/fbdev/core/cfbfillrect.o
  CC      drivers/soc/qcom/wlan_firmware_service_v01.o
  CC      drivers/usb/core/driver.o
  CC      drivers/staging/qcacld-3.0/core/hdd/src/wlan_hdd_driver_ops.o
  CC      drivers/soc/qcom/spss_utils.o
  CC      drivers/tty/serial/earlycon.o
  CC      drivers/thermal/qcom/adc-tm-common.o
  CC      drivers/video/videomode.o
  CC      drivers/scsi/ufs/ufshcd-pltfrm.o
  CC      drivers/video/fbdev/core/cfbcopyarea.o
  CC      drivers/usb/host/pci-quirks.o
  CC      drivers/thermal/qcom/adc-tm5.o
  CC      drivers/usb/gadget/function/f_acm.o
  CC      drivers/gpu/drm/msm/sde_rsc_hw.o
  CC      drivers/usb/dwc3/ep0.o
  CC      drivers/usb/core/config.o
  CC      drivers/tty/serial/msm_geni_serial.o
  CC      drivers/soc/qcom/service-notifier.o
  CC      drivers/platform/msm/ipa/ipa_v3/ipa_qmi_service_v01.o
  CC      drivers/usb/gadget/function/u_serial.o
  CC      drivers/usb/host/ehci-hcd.o
  CC      drivers/scsi/ufs/ufs-debugfs.o
  CC      drivers/gpu/drm/msm/sde_rsc_hw_v3.o
  CC      drivers/video/fbdev/core/cfbimgblt.o
  AR      drivers/thermal/qcom/built-in.o
  AR      drivers/thermal/samsung/built-in.o
  CC      drivers/thermal/qcom-spmi-temp-alarm.o
  CC      drivers/soc/qcom/service-locator.o
  CC      drivers/usb/core/file.o
  CC      drivers/usb/gadget/function/u_ether.o
  CC      drivers/usb/dwc3/drd.o
  CC      drivers/usb/core/buffer.o
  AR      drivers/video/fbdev/core/fb.o
  CC      drivers/gpu/drm/msm/sde/sde_fence.o
  AR      drivers/video/fbdev/core/built-in.o
  CC      drivers/video/fbdev/amba-clcd.o
  AR      drivers/tty/serial/built-in.o
  CC      drivers/thermal/msm-tsens.o
  CC      drivers/soc/qcom/sysmon-qmi.o
  AR      drivers/tty/vt/built-in.o
  AR      drivers/tty/built-in.o
  CC      drivers/scsi/sd_dif.o
  CC      drivers/staging/qcacld-3.0/core/hdd/src/wlan_hdd_ftm.o
  CC      drivers/platform/msm/ipa/ipa_v3/ipa_qmi_service.o
  CC      drivers/scsi/ufs/ufs-qcom-debugfs.o
  CC      drivers/usb/dwc3/debugfs.o
  CC      drivers/usb/core/sysfs.o
  CC      drivers/soc/qcom/memshare/heap_mem_ext_v01.o
  CC      drivers/thermal/tsens2xxx.o
  AR      drivers/video/fbdev/built-in.o
  CC      drivers/video/of_display_timing.o
  CC      drivers/gpu/drm/msm/dsi-staging/dsi_phy.o
  CC      drivers/soc/qcom/memshare/msm_memshare.o
  CC      drivers/usb/gadget/function/rndis.o
  CC      drivers/usb/core/endpoint.o
  CC      drivers/usb/isp1760/isp1760-core.o
  AR      drivers/scsi/ufs/ufshcd-core.o
  AR      drivers/scsi/ufs/built-in.o
  CC      drivers/usb/dwc3/dwc3-of-simple.o
  CC      drivers/scsi/sg.o
  CC      drivers/thermal/tsens-dbg.o
  CC      drivers/usb/core/devio.o
  CC      drivers/video/of_videomode.o
  CC      drivers/usb/dwc3/dwc3-msm.o
  AR      drivers/video/built-in.o
  CC      drivers/usb/dwc3/dbm.o
  CC      drivers/usb/isp1760/isp1760-if.o
  CC      drivers/usb/host/ehci-pci.o
  CC      drivers/platform/msm/ipa/ipa_v3/rmnet_ipa_fd_ioctl.o
  CC      drivers/usb/gadget/function/f_ncm.o
  AR      drivers/soc/qcom/memshare/built-in.o
  CC      drivers/gpu/drm/msm/dsi-staging/dsi_pwr.o
  CC      drivers/soc/qcom/msm_bus/msm_bus_core.o
  CC      drivers/thermal/tsens-mtc.o
  CC      drivers/staging/qcacld-3.0/core/hdd/src/wlan_hdd_hostapd.o
  CC      drivers/soc/qcom/msm_bus/msm_bus_client_api.o
  AR      drivers/usb/gadget/legacy/built-in.o
  CC      drivers/scsi/ch.o
  CC      drivers/usb/host/ehci-platform.o
  CC      drivers/gpu/drm/msm/dsi-staging/dsi_phy_hw_v2_0.o
  CC      drivers/usb/isp1760/isp1760-hcd.o
  CC      drivers/thermal/tsens1xxx.o
  CC      drivers/usb/gadget/udc/core.o
  CC      drivers/usb/core/notify.o
  CC      drivers/soc/qcom/msm_bus/msm_bus_of.o
  CC      drivers/usb/core/generic.o
  CC      drivers/soc/qcom/msm_bus/msm_bus_fabric_rpmh.o
  CC      drivers/usb/gadget/function/f_rndis.o
  CC      drivers/thermal/tsens_calib.o
  AR      drivers/usb/dwc3/dwc3.o
  CC      drivers/platform/msm/ipa/ipa_v3/ipa_mhi_proxy.o
  AR      drivers/usb/dwc3/built-in.o
  CC      drivers/usb/host/ohci-hcd.o
  CC      drivers/soc/qcom/qdsp6v2/cdsp-loader.o
  CC      drivers/usb/core/quirks.o
  AR      drivers/scsi/scsi_mod.o
  CC      drivers/gpu/drm/msm/dsi-staging/dsi_phy_hw_v3_0.o
  AR      drivers/scsi/sd_mod.o
  AR      drivers/scsi/built-in.o
  CC      drivers/staging/qcacld-3.0/core/hdd/src/wlan_hdd_ioctl.o
  AR      drivers/usb/isp1760/isp1760.o
  AR      drivers/usb/isp1760/built-in.o
  CC      drivers/usb/gadget/multi_config.o
  AR      drivers/thermal/thermal_sys.o
  AR      drivers/thermal/built-in.o
  CC      drivers/usb/gadget/udc/trace.o
  CC      drivers/soc/qcom/msm_bus/msm_bus_arb_rpmh.o
  AR      drivers/soc/qcom/qdsp6v2/built-in.o
  CC      drivers/gpu/drm/msm/dsi-staging/dsi_phy_hw_v4_0.o
  CC      drivers/platform/msm/ipa/ipa_v3/ipa_mpm.o
  CC      drivers/usb/manager/usb_typec_manager_notifier.o
  CC      drivers/usb/gadget/function/f_mass_storage.o
  CC      drivers/usb/core/devices.o
  AR      drivers/usb/gadget/udc/udc-core.o
  AR      drivers/usb/gadget/udc/built-in.o
  CC      drivers/staging/qcacld-3.0/core/hdd/src/wlan_hdd_main.o
  CC      drivers/soc/qcom/msm_bus/msm_bus_rules.o
  CC      drivers/soc/qcom/rmnet_ctl/rmnet_ctl_client.o
  CC      drivers/gpu/drm/msm/dsi-staging/dsi_phy_timing_calc.o
  CC      drivers/soc/qcom/rmnet_ctl/rmnet_ctl_mhi.o
  AR      drivers/usb/manager/built-in.o
  CC      drivers/usb/gadget/function/storage_common.o
  CC      drivers/usb/core/port.o
  CC      drivers/usb/host/ohci-pci.o
  CC      drivers/usb/host/ohci-platform.o
  CC      drivers/soc/qcom/peripheral-loader.o
  AR      drivers/soc/qcom/rmnet_ctl/rmnet_ctl.o
  AR      drivers/soc/qcom/rmnet_ctl/built-in.o
  AR      drivers/usb/gadget/libcomposite.o
  CC      drivers/gpu/drm/msm/dsi-staging/dsi_phy_timing_v2_0.o
  AR      drivers/platform/msm/ipa/ipa_v3/ipat.o
  AR      drivers/platform/msm/ipa/ipa_v3/built-in.o
  CC      drivers/usb/gadget/function/f_fs.o
  AR      drivers/platform/msm/ipa/built-in.o
  AR      drivers/platform/msm/built-in.o
  CC      drivers/soc/qcom/msm_bus/msm_bus_bimc_rpmh.o
  CC      drivers/usb/misc/ehset.o
  AR      drivers/platform/built-in.o
  CC      drivers/usb/core/of.o
  CC      drivers/staging/qcacld-3.0/core/hdd/src/wlan_hdd_object_manager.o
  CC      drivers/soc/qcom/subsys-pil-tz.o
  CC      drivers/usb/host/xhci.o
  CC      drivers/usb/misc/lvstest.o
  CC      drivers/usb/notify/host_notify_class.o
  CC      drivers/gpu/drm/msm/dsi-staging/dsi_phy_timing_v3_0.o
  CC      drivers/usb/core/hcd-pci.o
  CC      drivers/soc/qcom/msm_bus/msm_bus_noc_rpmh.o
  AR      drivers/usb/misc/built-in.o
  CC      drivers/usb/notify/external_notify.o
  CC      drivers/usb/phy/phy.o
  CC      drivers/usb/host/xhci-mem.o
  CC      drivers/usb/gadget/function/u_audio.o
  CC      drivers/soc/qcom/msm_bus/msm_bus_proxy_client.o
  CC      drivers/usb/notify/usb_notify.o
  AR      drivers/usb/core/usbcore.o
  AR      drivers/usb/core/built-in.o
  CC      drivers/gpu/drm/msm/dsi-staging/dsi_phy_timing_v4_0.o
  CC      drivers/usb/phy/of.o
  CC      drivers/soc/qcom/msm_bus/msm_bus_of_rpmh.o
  CC      drivers/soc/qcom/msm_bus/msm_bus_dbg_rpmh.o
  CC      drivers/usb/host/xhci-ring.o
  CC      drivers/staging/qcacld-3.0/core/hdd/src/wlan_hdd_oemdata.o
  CC      drivers/soc/qcom/rq_stats.o
  CC      drivers/usb/gadget/function/f_uac2.o
  CC      drivers/usb/phy/phy-generic.o
  CC      drivers/usb/notify/usb_notify_sysfs.o
  CC      drivers/usb/serial/usb-serial.o
  CC      drivers/gpu/drm/msm/dsi-staging/dsi_ctrl_hw_cmn.o
  CC      drivers/usb/host/xhci-hub.o
  CC      drivers/usb/gadget/function/f_midi.o
  AR      drivers/soc/qcom/msm_bus/built-in.o
  CC      drivers/soc/qcom/spcom.o
  CC      drivers/soc/qcom/cmd-db.o
  CC      drivers/usb/phy/phy-qcom-emu.o
  CC      drivers/usb/notify/dock_notify.o
  CC      drivers/usb/serial/generic.o
  CC      drivers/usb/storage/scsiglue.o
  CC      drivers/gpu/drm/msm/dsi-staging/dsi_ctrl_hw_1_4.o
  CC      drivers/usb/phy/phy-msm-ssusb-qmp.o
  CC      drivers/usb/storage/protocol.o
  CC      drivers/usb/gadget/function/f_hid.o
  CC      drivers/usb/notify/usb_notifier_qcom.o
  CC      drivers/staging/qcacld-3.0/core/hdd/src/wlan_hdd_p2p.o
  CC      drivers/soc/qcom/rpmh.o
  CC      drivers/usb/serial/bus.o
  CC      drivers/usb/host/xhci-dbg.o
  CC      drivers/usb/phy/phy-msm-snps-hs.o
  CC      drivers/usb/typec/typec.o
  CC      drivers/usb/gadget/function/f_mtp.o
  CC      drivers/usb/storage/transport.o
  CC      drivers/staging/qcacld-3.0/core/hdd/src/wlan_hdd_power.o
  CC      drivers/gpu/drm/msm/dsi-staging/dsi_ctrl_hw_2_0.o
  CC      drivers/soc/qcom/system_pm.o
  AR      drivers/usb/typec/built-in.o
  CC      drivers/usb/gadget/function/f_ptp.o
  AR      drivers/usb/notify/usb_notify_layer.o
  AR      drivers/usb/notify/built-in.o
  CC      drivers/usb/host/xhci-trace.o
  CC      drivers/usb/storage/usb.o
  CC      drivers/usb/serial/ftdi_sio.o
  CC      drivers/staging/qcacld-3.0/core/hdd/src/wlan_hdd_regulatory.o
  CC      drivers/soc/qcom/smcinvoke.o
  AR      drivers/usb/phy/built-in.o
  CC      drivers/gpu/drm/msm/dsi-staging/dsi_ctrl_hw_2_2.o
  CC      drivers/usb/gadget/function/f_audio_source.o
  CC      drivers/usb/storage/initializers.o
  CC      drivers/usb/host/xhci-pci.o
  CC      drivers/usb/serial/pl2303.o
  CC      drivers/soc/qcom/subsystem_notif.o
  CC      drivers/staging/qcacld-3.0/core/hdd/src/wlan_hdd_scan.o
  CC      drivers/usb/storage/sierra_ms.o
  CC      drivers/usb/gadget/function/f_accessory.o
  CC      drivers/usb/host/xhci-plat.o
  CC      drivers/gpu/drm/msm/dsi-staging/dsi_ctrl.o
  CC      drivers/usb/storage/option_ms.o
  CC      drivers/staging/qcacld-3.0/core/hdd/src/wlan_hdd_softap_tx_rx.o
  AR      drivers/usb/serial/usbserial.o
  CC      drivers/gpu/drm/msm/dsi-staging/dsi_catalog.o
  AR      drivers/usb/serial/built-in.o
  CC      drivers/usb/gadget/function/f_diag.o
  CC      drivers/usb/storage/usual-tables.o
  CC      drivers/soc/qcom/subsystem_restart.o
  CC      drivers/gpu/drm/msm/dsi-staging/dsi_drm.o
  CC      drivers/usb/gadget/function/f_cdev.o
  AR      drivers/usb/host/xhci-hcd.o
  CC      drivers/staging/qcacld-3.0/core/hdd/src/wlan_hdd_sta_info.o
  AR      drivers/usb/host/xhci-plat-hcd.o
  AR      drivers/usb/host/built-in.o
  CC      drivers/soc/qcom/ramdump.o
  CC      drivers/usb/gadget/function/f_ccid.o
  CC      drivers/gpu/drm/msm/dsi-staging/dsi_display.o
  CC      drivers/soc/qcom/microdump_collector.o
  AR      drivers/usb/storage/usb-storage.o
  AR      drivers/usb/storage/built-in.o
  CC      drivers/staging/qcacld-3.0/core/hdd/src/wlan_hdd_stats.o
  CC      drivers/gpu/drm/msm/dsi-staging/dsi_panel.o
  CC      drivers/soc/qcom/qsee_ipc_irq.o
  CC      drivers/gpu/drm/msm/dsi-staging/dsi_clk_manager.o
  CC      drivers/usb/gadget/function/f_gsi.o
  CC      drivers/staging/qcacld-3.0/core/hdd/src/wlan_hdd_trace.o
  CC      drivers/gpu/drm/msm/dsi-staging/dsi_display_test.o
  CC      drivers/usb/gadget/function/f_qdss.o
  CC      drivers/soc/qcom/qsee_ipc_irq_bridge.o
  CC      drivers/staging/qcacld-3.0/core/hdd/src/wlan_hdd_tx_rx.o
  CC      drivers/usb/gadget/function/u_qdss.o
  CC      drivers/soc/qcom/glink_probe.o
  CC      drivers/gpu/drm/msm/dsi-staging/dsi_parser.o
  CC      drivers/staging/qcacld-3.0/core/hdd/src/wlan_hdd_wmm.o
  CC      drivers/gpu/drm/msm/sde/sde_hw_catalog.o
  CC      drivers/staging/qcacld-3.0/core/hdd/src/wlan_hdd_wowl.o
  CC      drivers/soc/qcom/glink_pkt.o
  CC      drivers/usb/gadget/function/f_conn_gadget.o
  CC      drivers/staging/qcacld-3.0/core/hdd/src/wlan_hdd_wext.o
  CC      drivers/soc/qcom/qdss_bridge.o
  CC      drivers/staging/qcacld-3.0/core/hdd/src/wlan_hdd_hostapd_wext.o
  CC      drivers/soc/qcom/event_timer.o
  CC      drivers/gpu/drm/msm/sde/sde_hw_cdm.o
  CC      drivers/staging/qcacld-3.0/core/hdd/src/wlan_hdd_debugfs.o
  AR      drivers/usb/gadget/function/usb_f_acm.o
  AR      drivers/usb/gadget/function/usb_f_ncm.o
  AR      drivers/usb/gadget/function/usb_f_rndis.o
  CC      drivers/gpu/drm/msm/sde/sde_hw_dspp.o
  AR      drivers/usb/gadget/function/usb_f_mass_storage.o
  AR      drivers/usb/gadget/function/usb_f_fs.o
  AR      drivers/usb/gadget/function/usb_f_uac2.o
  AR      drivers/usb/gadget/function/usb_f_midi.o
  AR      drivers/usb/gadget/function/usb_f_hid.o
  AR      drivers/usb/gadget/function/usb_f_mtp.o
  AR      drivers/usb/gadget/function/usb_f_ptp.o
  AR      drivers/usb/gadget/function/usb_f_audio_source.o
  CC      drivers/soc/qcom/lpm-stats.o
  AR      drivers/usb/gadget/function/usb_f_accessory.o
  AR      drivers/usb/gadget/function/usb_f_diag.o
  AR      drivers/usb/gadget/function/usb_f_cdev.o
  AR      drivers/usb/gadget/function/usb_f_ccid.o
  AR      drivers/usb/gadget/function/usb_f_gsi.o
  AR      drivers/usb/gadget/function/usb_f_qdss.o
  AR      drivers/usb/gadget/function/usb_f_conn_gadget.o
  AR      drivers/usb/gadget/function/built-in.o
  AR      drivers/usb/gadget/built-in.o
  CC      drivers/gpu/drm/msm/sde/sde_hw_intf.o
  CC      drivers/staging/qcacld-3.0/core/hdd/src/wlan_hdd_debugfs_llstat.o
  AR      drivers/usb/built-in.o
  CC      drivers/staging/qcacld-3.0/core/hdd/src/wlan_hdd_debugfs_mibstat.o
  CC      drivers/soc/qcom/fsa4480-i2c.o
  CC      drivers/staging/qcacld-3.0/core/hdd/src/wlan_hdd_debugfs_csr.o
  CC      drivers/soc/qcom/msm_performance.o
  CC      drivers/staging/qcacld-3.0/core/hdd/src/wlan_hdd_debugfs_connect.o
  CC      drivers/soc/qcom/smp2p_sleepstate.o
  CC      drivers/gpu/drm/msm/sde/sde_hw_lm.o
  CC      drivers/staging/qcacld-3.0/core/hdd/src/wlan_hdd_debugfs_offload.o
  CC      drivers/gpu/drm/msm/sde/sde_hw_ctl.o
  CC      drivers/gpu/drm/msm/sde/sde_hw_util.o
  CC      drivers/soc/qcom/cdsprm.o
  CC      drivers/gpu/drm/msm/sde/sde_hw_sspp.o
  CC      drivers/soc/qcom/aop_ddr_msgs.o
  CC      drivers/gpu/drm/msm/sde/sde_hw_wb.o
  CC      drivers/soc/qcom/crypto-qti-common.o
  CC      drivers/gpu/drm/msm/sde/sde_hw_rot.o
  CC      drivers/gpu/drm/msm/sde/sde_hw_pingpong.o
  CC      drivers/soc/qcom/crypto-qti-tz.o
  CC      drivers/gpu/drm/msm/sde/sde_hw_top.o
  CC      drivers/staging/qcacld-3.0/core/hdd/src/wlan_hdd_debugfs_roam.o
  CC      drivers/gpu/drm/msm/sde/sde_hw_interrupts.o
  CC      drivers/staging/qcacld-3.0/core/hdd/src/wlan_hdd_debugfs_config.o
  AR      drivers/soc/qcom/qmi_helpers.o
  CC      drivers/gpu/drm/msm/sde/sde_hw_vbif.o
  CC      drivers/gpu/drm/msm/sde/sde_hw_blk.o
  CC      drivers/staging/qcacld-3.0/core/hdd/src/wlan_hdd_debugfs_coex.o
  AR      drivers/soc/qcom/built-in.o
  AR      drivers/soc/built-in.o
  CC      drivers/gpu/drm/msm/sde/sde_formats.o
  CC      drivers/gpu/drm/msm/sde_power_handle.o
  CC      drivers/gpu/drm/msm/sde/sde_hw_color_processing_v1_7.o
  CC      drivers/gpu/drm/msm/sde/sde_reg_dma.o
  CC      drivers/staging/qcacld-3.0/core/hdd/src/wlan_hdd_spectralscan.o
  CC      drivers/gpu/drm/msm/sde/sde_hw_reg_dma_v1.o
  CC      drivers/staging/qcacld-3.0/core/hdd/src/wlan_hdd_fips.o
  CC      drivers/staging/qcacld-3.0/core/hdd/src/wlan_hdd_green_ap.o
  CC      drivers/gpu/drm/msm/sde/sde_hw_dsc.o
  CC      drivers/staging/qcacld-3.0/core/hdd/src/wlan_hdd_apf.o
  CC      drivers/gpu/drm/msm/sde/sde_hw_ds.o
  CC      drivers/staging/qcacld-3.0/core/hdd/src/wlan_hdd_lpass.o
  CC      drivers/staging/qcacld-3.0/core/hdd/src/wlan_hdd_napi.o
  CC      drivers/staging/qcacld-3.0/core/hdd/src/wlan_hdd_ipa.o
  CC      drivers/staging/qcacld-3.0/core/hdd/src/wlan_hdd_nan.o
  CC      drivers/staging/qcacld-3.0/core/hdd/src/wlan_hdd_nan_datapath.o
  CC      drivers/staging/qcacld-3.0/core/hdd/src/wlan_hdd_tdls.o
  CC      drivers/gpu/drm/msm/sde/sde_hw_qdss.o
  CC      drivers/staging/qcacld-3.0/core/hdd/src/wlan_hdd_tsf.o
  CC      drivers/gpu/drm/msm/sde/sde_wb.o
  CC      drivers/staging/qcacld-3.0/core/hdd/src/wlan_hdd_conc_ut.o
  CC      drivers/gpu/drm/msm/sde/sde_encoder_phys_wb.o
  CC      drivers/staging/qcacld-3.0/core/hdd/src/wlan_hdd_disa.o
  CC      drivers/gpu/drm/msm/msm_atomic.o
  CC      drivers/staging/qcacld-3.0/core/hdd/src/wlan_hdd_subnet_detect.o
  CC      drivers/gpu/drm/msm/msm_drv.o
  CC      drivers/staging/qcacld-3.0/core/hdd/src/wlan_hdd_twt.o
  CC      drivers/gpu/drm/msm/msm_fb.o
  CC      drivers/gpu/drm/msm/msm_gem.o
  CC      drivers/staging/qcacld-3.0/core/hdd/src/wlan_hdd_nud_tracking.o
  CC      drivers/staging/qcacld-3.0/core/hdd/src/wlan_hdd_packet_filter.o
  CC      drivers/gpu/drm/msm/msm_gem_prime.o
  CC      drivers/staging/qcacld-3.0/core/hdd/src/wlan_hdd_rssi_monitor.o
  CC      drivers/gpu/drm/msm/msm_gem_submit.o
  CC      drivers/staging/qcacld-3.0/core/hdd/src/wlan_hdd_bss_transition.o
  CC      drivers/gpu/drm/msm/msm_gem_shrinker.o
  CC      drivers/staging/qcacld-3.0/core/hdd/src/wlan_hdd_station_info.o
  CC      drivers/gpu/drm/msm/msm_gem_vma.o
  CC      drivers/staging/qcacld-3.0/core/hdd/src/wlan_hdd_tx_power.o
  CC      drivers/gpu/drm/msm/msm_gpu.o
  CC      drivers/staging/qcacld-3.0/core/hdd/src/wlan_hdd_ota_test.o
  CC      drivers/gpu/drm/msm/msm_iommu.o
  CC      drivers/staging/qcacld-3.0/core/hdd/src/wlan_hdd_active_tos.o
  CC      drivers/gpu/drm/msm/msm_smmu.o
  CC      drivers/staging/qcacld-3.0/core/hdd/src/wlan_hdd_sar_limits.o
  CC      drivers/gpu/drm/msm/msm_perf.o
  CC      drivers/staging/qcacld-3.0/core/hdd/src/wlan_hdd_concurrency_matrix.o
  CC      drivers/gpu/drm/msm/msm_rd.o
  CC      drivers/gpu/drm/msm/msm_ringbuffer.o
  CC      drivers/staging/qcacld-3.0/core/hdd/src/wlan_hdd_sap_cond_chan_switch.o
  CC      drivers/gpu/drm/msm/msm_prop.o
  CC      drivers/staging/qcacld-3.0/core/hdd/src/wlan_hdd_p2p_listen_offload.o
  CC      drivers/staging/qcacld-3.0/core/hdd/src/wlan_hdd_sysfs.o
  CC      drivers/gpu/drm/msm/msm_fence.o
  CC      drivers/staging/qcacld-3.0/core/hdd/src/wlan_hdd_fw_state.o
  CC      drivers/gpu/drm/msm/msm_debugfs.o
  CC      drivers/gpu/drm/msm/samsung/ss_dsi_panel_sysfs.o
  CC      drivers/staging/qcacld-3.0/core/hdd/src/wlan_hdd_bcn_recv.o
  CC      drivers/staging/qcacld-3.0/core/hdd/src/wlan_hdd_thermal.o
  CC      drivers/gpu/drm/msm/samsung/ss_dsi_panel_debug.o
  CC      drivers/gpu/drm/msm/samsung/ss_dsi_panel_common.o
  CC      drivers/staging/qcacld-3.0/core/hdd/src/wlan_hdd_hang_event.o
  AR      drivers/gpu/drm/msm/msm_drm.o
  CC      drivers/gpu/drm/msm/samsung/ss_dsi_mdnie_lite_common.o
  CC      drivers/staging/qcacld-3.0/os_if/sync/src/osif_sync.o
  CC      drivers/gpu/drm/msm/samsung/ss_dsi_smart_dimming_common.o
  CC      drivers/staging/qcacld-3.0/os_if/sync/src/osif_driver_sync.o
  CC      drivers/gpu/drm/msm/samsung/ss_interpolation_common.o
  CC      drivers/staging/qcacld-3.0/os_if/sync/src/osif_psoc_sync.o
  CC      drivers/gpu/drm/msm/samsung/ss_flash_table_data_common.o
  CC      drivers/staging/qcacld-3.0/os_if/sync/src/osif_vdev_sync.o
  CC      drivers/gpu/drm/msm/samsung/ss_dpui_common.o
  CC      drivers/staging/qcacld-3.0/components/dsc/src/__wlan_dsc.o
  CC      drivers/gpu/drm/msm/samsung/ss_ddi_poc_common.o
  CC      drivers/staging/qcacld-3.0/components/dsc/src/wlan_dsc_driver.o
  CC      drivers/gpu/drm/msm/samsung/ss_ddi_spi_common.o
  CC      drivers/staging/qcacld-3.0/components/dsc/src/wlan_dsc_psoc.o
  CC      drivers/gpu/drm/msm/samsung/ss_copr_common.o
  CC      drivers/gpu/drm/msm/samsung/S6E3FC2_AMS670TA01/ss_dsi_panel_S6E3FC2_AMS670TA01.o
  CC      drivers/gpu/drm/msm/samsung/SELF_DISPLAY/self_display_FA7.o
  CC      drivers/staging/qcacld-3.0/components/dsc/src/wlan_dsc_vdev.o
  CC      drivers/gpu/drm/msm/samsung/SELF_DISPLAY/self_display_FA9.o
  CC      drivers/staging/qcacld-3.0/core/mac/src/dph/dph_hash_table.o
  CC      drivers/gpu/drm/msm/samsung/SELF_DISPLAY/self_display_HA8.o
  AR      drivers/gpu/drm/msm/samsung/S6E3FC2_AMS670TA01/built-in.o
  CC      drivers/staging/qcacld-3.0/core/mac/src/pe/lim/lim_aid_mgmt.o
  CC      drivers/gpu/drm/msm/samsung/SELF_DISPLAY/self_display_HA9.o
  CC      drivers/gpu/drm/msm/samsung/PBA_BOOTING/ss_dsi_panel_PBA_BOOTING_fhd.o
  CC      drivers/gpu/drm/msm/samsung/SELF_DISPLAY/self_display_XA0.o
  CC      drivers/staging/qcacld-3.0/core/mac/src/pe/lim/lim_admit_control.o
  CC      drivers/gpu/drm/msm/samsung/SELF_DISPLAY/self_display_6W3.o
  CC      drivers/gpu/drm/msm/samsung/PBA_BOOTING_DSI1/ss_dsi_panel_PBA_BOOTING_fhd_dsi1.o
  CC      drivers/staging/qcacld-3.0/core/mac/src/pe/lim/lim_api.o
  CC      drivers/staging/qcacld-3.0/core/mac/src/pe/lim/lim_assoc_utils.o
  CC      drivers/staging/qcacld-3.0/core/mac/src/pe/lim/lim_ft.o
  CC      drivers/staging/qcacld-3.0/core/mac/src/pe/lim/lim_link_monitoring_algo.o
  CC      drivers/staging/qcacld-3.0/core/mac/src/pe/lim/lim_process_action_frame.o
  CC      drivers/staging/qcacld-3.0/core/mac/src/pe/lim/lim_process_assoc_req_frame.o
  CC      drivers/staging/qcacld-3.0/core/mac/src/pe/lim/lim_process_assoc_rsp_frame.o
  CC      drivers/staging/qcacld-3.0/core/mac/src/pe/lim/lim_process_auth_frame.o
  AR      drivers/gpu/drm/msm/samsung/SELF_DISPLAY/built-in.o
  AR      drivers/gpu/drm/msm/samsung/built-in.o
  CC      drivers/staging/qcacld-3.0/core/mac/src/pe/lim/lim_process_beacon_frame.o
  AR      drivers/gpu/drm/msm/built-in.o
  CC      drivers/staging/qcacld-3.0/core/mac/src/pe/lim/lim_process_cfg_updates.o
  AR      drivers/gpu/drm/built-in.o
  AR      drivers/gpu/built-in.o
  CC      drivers/staging/qcacld-3.0/core/mac/src/pe/lim/lim_process_deauth_frame.o
  CC      drivers/staging/qcacld-3.0/core/mac/src/pe/lim/lim_process_disassoc_frame.o
  CC      drivers/staging/qcacld-3.0/core/mac/src/pe/lim/lim_process_message_queue.o
  CC      drivers/staging/qcacld-3.0/core/mac/src/pe/lim/lim_process_mlm_req_messages.o
  CC      drivers/staging/qcacld-3.0/core/mac/src/pe/lim/lim_process_mlm_rsp_messages.o
  CC      drivers/staging/qcacld-3.0/core/mac/src/pe/lim/lim_process_probe_req_frame.o
  CC      drivers/staging/qcacld-3.0/core/mac/src/pe/lim/lim_process_probe_rsp_frame.o
  CC      drivers/staging/qcacld-3.0/core/mac/src/pe/lim/lim_process_sme_req_messages.o
  CC      drivers/staging/qcacld-3.0/core/mac/src/pe/lim/lim_prop_exts_utils.o
  CC      drivers/staging/qcacld-3.0/core/mac/src/pe/lim/lim_scan_result_utils.o
  CC      drivers/staging/qcacld-3.0/core/mac/src/pe/lim/lim_security_utils.o
  CC      drivers/staging/qcacld-3.0/core/mac/src/pe/lim/lim_send_management_frames.o
  CC      drivers/staging/qcacld-3.0/core/mac/src/pe/lim/lim_send_messages.o
  CC      drivers/staging/qcacld-3.0/core/mac/src/pe/lim/lim_send_sme_rsp_messages.o
  CC      drivers/staging/qcacld-3.0/core/mac/src/pe/lim/lim_session.o
  CC      drivers/staging/qcacld-3.0/core/mac/src/pe/lim/lim_session_utils.o
  CC      drivers/staging/qcacld-3.0/core/mac/src/pe/lim/lim_sme_req_utils.o
  CC      drivers/staging/qcacld-3.0/core/mac/src/pe/lim/lim_timer_utils.o
  CC      drivers/staging/qcacld-3.0/core/mac/src/pe/lim/lim_trace.o
  CC      drivers/staging/qcacld-3.0/core/mac/src/pe/lim/lim_utils.o
  CC      drivers/staging/qcacld-3.0/core/mac/src/pe/lim/lim_process_tdls.o
  CC      drivers/staging/qcacld-3.0/core/mac/src/pe/lim/lim_process_fils.o
  CC      drivers/staging/qcacld-3.0/core/mac/src/pe/sch/sch_api.o
  CC      drivers/staging/qcacld-3.0/core/mac/src/pe/sch/sch_beacon_gen.o
  CC      drivers/staging/qcacld-3.0/core/mac/src/pe/sch/sch_beacon_process.o
  CC      drivers/staging/qcacld-3.0/core/mac/src/pe/sch/sch_message.o
  CC      drivers/staging/qcacld-3.0/core/mac/src/pe/rrm/rrm_api.o
  CC      drivers/staging/qcacld-3.0/core/mac/src/pe/nan/nan_datapath.o
  CC      drivers/staging/qcacld-3.0/core/sap/src/sap_api_link_cntl.o
  CC      drivers/staging/qcacld-3.0/core/sap/src/sap_ch_select.o
  CC      drivers/staging/qcacld-3.0/core/sap/src/sap_fsm.o
  CC      drivers/staging/qcacld-3.0/core/sap/src/sap_module.o
  CC      drivers/staging/qcacld-3.0/core/sme/src/common/sme_api.o
  CC      drivers/staging/qcacld-3.0/core/sme/src/common/sme_ft_api.o
  CC      drivers/staging/qcacld-3.0/core/sme/src/common/sme_power_save.o
  CC      drivers/staging/qcacld-3.0/core/sme/src/common/sme_trace.o
  CC      drivers/staging/qcacld-3.0/core/sme/src/csr/csr_api_roam.o
  CC      drivers/staging/qcacld-3.0/core/sme/src/csr/csr_api_scan.o
  CC      drivers/staging/qcacld-3.0/core/sme/src/csr/csr_cmd_process.o
  CC      drivers/staging/qcacld-3.0/core/sme/src/csr/csr_link_list.o
  CC      drivers/staging/qcacld-3.0/core/sme/src/csr/csr_neighbor_roam.o
  CC      drivers/staging/qcacld-3.0/core/sme/src/csr/csr_util.o
  CC      drivers/staging/qcacld-3.0/core/sme/src/qos/sme_qos.o
  CC      drivers/staging/qcacld-3.0/core/sme/src/rrm/sme_rrm.o
  CC      drivers/staging/qcacld-3.0/core/sme/src/nan/nan_datapath_api.o
  CC      drivers/staging/qcacld-3.0/core/mac/src/sys/common/src/wlan_qct_sys.o
  CC      drivers/staging/qcacld-3.0/core/mac/src/sys/legacy/src/platform/src/sys_wrapper.o
  CC      drivers/staging/qcacld-3.0/core/mac/src/sys/legacy/src/system/src/mac_init_api.o
  CC      drivers/staging/qcacld-3.0/core/mac/src/sys/legacy/src/system/src/sys_entry_func.o
  CC      drivers/staging/qcacld-3.0/core/mac/src/sys/legacy/src/utils/src/dot11f.o
  CC      drivers/staging/qcacld-3.0/core/mac/src/sys/legacy/src/utils/src/mac_trace.o
  CC      drivers/staging/qcacld-3.0/core/mac/src/sys/legacy/src/utils/src/parser_api.o
  CC      drivers/staging/qcacld-3.0/core/mac/src/sys/legacy/src/utils/src/utils_parser.o
  CC      drivers/staging/qcacld-3.0/../qca-wifi-host-cmn/qdf/linux/src/qdf_crypto.o
  CC      drivers/staging/qcacld-3.0/../qca-wifi-host-cmn/qdf/linux/src/qdf_defer.o
  CC      drivers/staging/qcacld-3.0/../qca-wifi-host-cmn/qdf/linux/src/qdf_delayed_work.o
  CC      drivers/staging/qcacld-3.0/../qca-wifi-host-cmn/qdf/linux/src/qdf_event.o
  CC      drivers/staging/qcacld-3.0/../qca-wifi-host-cmn/qdf/linux/src/qdf_file.o
  CC      drivers/staging/qcacld-3.0/../qca-wifi-host-cmn/qdf/linux/src/qdf_idr.o
  CC      drivers/staging/qcacld-3.0/../qca-wifi-host-cmn/qdf/linux/src/qdf_list.o
  CC      drivers/staging/qcacld-3.0/../qca-wifi-host-cmn/qdf/linux/src/qdf_lock.o
  CC      drivers/staging/qcacld-3.0/../qca-wifi-host-cmn/qdf/linux/src/qdf_mc_timer.o
  CC      drivers/staging/qcacld-3.0/../qca-wifi-host-cmn/qdf/linux/src/qdf_mem.o
  CC      drivers/staging/qcacld-3.0/../qca-wifi-host-cmn/qdf/linux/src/qdf_nbuf.o
  CC      drivers/staging/qcacld-3.0/../qca-wifi-host-cmn/qdf/linux/src/qdf_periodic_work.o
  CC      drivers/staging/qcacld-3.0/../qca-wifi-host-cmn/qdf/linux/src/qdf_status.o
  CC      drivers/staging/qcacld-3.0/../qca-wifi-host-cmn/qdf/linux/src/qdf_threads.o
  CC      drivers/staging/qcacld-3.0/../qca-wifi-host-cmn/qdf/linux/src/qdf_trace.o
  CC      drivers/staging/qcacld-3.0/../qca-wifi-host-cmn/qdf/src/qdf_flex_mem.o
  CC      drivers/staging/qcacld-3.0/../qca-wifi-host-cmn/qdf/src/qdf_parse.o
  CC      drivers/staging/qcacld-3.0/../qca-wifi-host-cmn/qdf/src/qdf_platform.o
  CC      drivers/staging/qcacld-3.0/../qca-wifi-host-cmn/qdf/src/qdf_str.o
  CC      drivers/staging/qcacld-3.0/../qca-wifi-host-cmn/qdf/src/qdf_talloc.o
  CC      drivers/staging/qcacld-3.0/../qca-wifi-host-cmn/qdf/src/qdf_types.o
  CC      drivers/staging/qcacld-3.0/../qca-wifi-host-cmn/qdf/linux/src/qdf_debugfs.o
  CC      drivers/staging/qcacld-3.0/../qca-wifi-host-cmn/qdf/linux/src/qdf_ipa.o
  CC      drivers/staging/qcacld-3.0/../qca-wifi-host-cmn/qdf/src/qdf_cpuhp.o
  CC      drivers/staging/qcacld-3.0/../qca-wifi-host-cmn/qdf/linux/src/qdf_cpuhp.o
  CC      drivers/staging/qcacld-3.0/../qca-wifi-host-cmn/qdf/src/qdf_notifier.o
  CC      drivers/staging/qcacld-3.0/../qca-wifi-host-cmn/qdf/src/qdf_hang_event_notifier.o
  CC      drivers/staging/qcacld-3.0/../qca-wifi-host-cmn/wbuff/src/wbuff.o
  CC      drivers/staging/qcacld-3.0/core/cds/src/cds_api.o
  CC      drivers/staging/qcacld-3.0/core/cds/src/cds_reg_service.o
  CC      drivers/staging/qcacld-3.0/core/cds/src/cds_packet.o
  CC      drivers/staging/qcacld-3.0/core/cds/src/cds_regdomain.o
  CC      drivers/staging/qcacld-3.0/core/cds/src/cds_sched.o
  CC      drivers/staging/qcacld-3.0/core/cds/src/cds_utils.o
  CC      drivers/staging/qcacld-3.0/../qca-wifi-host-cmn/cfg/src/cfg.o
  CC      drivers/staging/qcacld-3.0/../qca-wifi-host-cmn/ftm/dispatcher/src/wlan_ftm_init_deinit.o
  CC      drivers/staging/qcacld-3.0/../qca-wifi-host-cmn/ftm/dispatcher/src/wlan_ftm_ucfg_api.o
  CC      drivers/staging/qcacld-3.0/../qca-wifi-host-cmn/ftm/core/src/wlan_ftm_svc.o
  CC      drivers/staging/qcacld-3.0/../qca-wifi-host-cmn/target_if/ftm/src/target_if_ftm.o
  CC      drivers/staging/qcacld-3.0/../qca-wifi-host-cmn/os_if/linux/ftm/src/wlan_ioctl_ftm.o
  CC      drivers/staging/qcacld-3.0/core/wma/src/wma_main.o
  CC      drivers/staging/qcacld-3.0/core/wma/src/wma_scan_roam.o
  CC      drivers/staging/qcacld-3.0/core/wma/src/wma_dev_if.o
  CC      drivers/staging/qcacld-3.0/core/wma/src/wma_mgmt.o
  CC      drivers/staging/qcacld-3.0/core/wma/src/wma_power.o
  CC      drivers/staging/qcacld-3.0/core/wma/src/wma_data.o
  CC      drivers/staging/qcacld-3.0/core/wma/src/wma_utils.o
  CC      drivers/staging/qcacld-3.0/core/wma/src/wma_features.o
  CC      drivers/staging/qcacld-3.0/core/wma/src/wlan_qct_wma_legacy.o
  CC      drivers/staging/qcacld-3.0/core/wma/src/wma_nan_datapath.o
  CC      drivers/staging/qcacld-3.0/core/wma/src/wma_fips_api.o
  CC      drivers/staging/qcacld-3.0/core/wma/src/wma_utils_ut.o
  CC      drivers/staging/qcacld-3.0/core/wma/src/wma_twt.o
  CC      drivers/staging/qcacld-3.0/core/wma/src/wma_fw_state.o
  CC      drivers/staging/qcacld-3.0/core/wma/src/wma_coex.o
  CC      drivers/staging/qcacld-3.0/core/dp/txrx/ol_txrx.o
  CC      drivers/staging/qcacld-3.0/core/dp/txrx/ol_cfg.o
  CC      drivers/staging/qcacld-3.0/core/dp/txrx/ol_rx.o
  CC      drivers/staging/qcacld-3.0/core/dp/txrx/ol_rx_fwd.o
  CC      drivers/staging/qcacld-3.0/core/dp/txrx/ol_rx_defrag.o
  CC      drivers/staging/qcacld-3.0/core/dp/txrx/ol_tx_desc.o
  CC      drivers/staging/qcacld-3.0/core/dp/txrx/ol_tx.o
  CC      drivers/staging/qcacld-3.0/core/dp/txrx/ol_rx_reorder_timeout.o
  CC      drivers/staging/qcacld-3.0/core/dp/txrx/ol_rx_reorder.o
  CC      drivers/staging/qcacld-3.0/core/dp/txrx/ol_rx_pn.o
  CC      drivers/staging/qcacld-3.0/core/dp/txrx/ol_txrx_peer_find.o
  CC      drivers/staging/qcacld-3.0/core/dp/txrx/ol_txrx_encap.o
  CC      drivers/staging/qcacld-3.0/core/dp/txrx/ol_tx_send.o
  CC      drivers/staging/qcacld-3.0/core/dp/txrx/ol_txrx_event.o
  CC      drivers/staging/qcacld-3.0/core/dp/txrx/ol_tx_ll.o
  CC      drivers/staging/qcacld-3.0/core/dp/txrx/ol_tx_ll_fastpath.o
  CC      drivers/staging/qcacld-3.0/core/dp/txrx/ol_txrx_flow_control.o
  CC      drivers/staging/qcacld-3.0/core/dp/txrx/ol_txrx_ipa.o
  CC      drivers/staging/qcacld-3.0/core/dp/txrx/ol_tx_throttle.o
  CC      drivers/staging/qcacld-3.0/../qca-wifi-host-cmn/wmi/src/wmi_unified.o
  CC      drivers/staging/qcacld-3.0/../qca-wifi-host-cmn/wmi/src/wmi_tlv_helper.o
  CC      drivers/staging/qcacld-3.0/../qca-wifi-host-cmn/wmi/src/wmi_unified_tlv.o
  CC      drivers/staging/qcacld-3.0/../qca-wifi-host-cmn/wmi/src/wmi_unified_api.o
  CC      drivers/staging/qcacld-3.0/../qca-wifi-host-cmn/wmi/src/wmi_unified_reg_api.o
  CC      drivers/staging/qcacld-3.0/../qca-wifi-host-cmn/wmi/src/wmi_unified_vdev_api.o
  CC      drivers/staging/qcacld-3.0/../qca-wifi-host-cmn/wmi/src/wmi_unified_vdev_tlv.o
  CC      drivers/staging/qcacld-3.0/../qca-wifi-host-cmn/wmi/src/wmi_unified_pmo_api.o
  CC      drivers/staging/qcacld-3.0/../qca-wifi-host-cmn/wmi/src/wmi_unified_pmo_tlv.o
  CC      drivers/staging/qcacld-3.0/../qca-wifi-host-cmn/wmi/src/wmi_unified_apf_tlv.o
  CC      drivers/staging/qcacld-3.0/../qca-wifi-host-cmn/wmi/src/wmi_unified_action_oui_tlv.o
  CC      drivers/staging/qcacld-3.0/../qca-wifi-host-cmn/wmi/src/wmi_unified_dfs_api.o
  CC      drivers/staging/qcacld-3.0/../qca-wifi-host-cmn/wmi/src/wmi_unified_twt_api.o
  CC      drivers/staging/qcacld-3.0/../qca-wifi-host-cmn/wmi/src/wmi_unified_twt_tlv.o
  CC      drivers/staging/qcacld-3.0/../qca-wifi-host-cmn/wmi/src/wmi_unified_interop_issues_ap_api.o
  CC      drivers/staging/qcacld-3.0/../qca-wifi-host-cmn/wmi/src/wmi_unified_interop_issues_ap_tlv.o
  CC      drivers/staging/qcacld-3.0/../qca-wifi-host-cmn/wmi/src/wmi_unified_nan_api.o
  CC      drivers/staging/qcacld-3.0/../qca-wifi-host-cmn/wmi/src/wmi_unified_nan_tlv.o
  CC      drivers/staging/qcacld-3.0/../qca-wifi-host-cmn/wmi/src/wmi_unified_p2p_api.o
  CC      drivers/staging/qcacld-3.0/../qca-wifi-host-cmn/wmi/src/wmi_unified_p2p_tlv.o
  CC      drivers/staging/qcacld-3.0/../qca-wifi-host-cmn/wmi/src/wmi_unified_roam_api.o
  CC      drivers/staging/qcacld-3.0/../qca-wifi-host-cmn/wmi/src/wmi_unified_roam_tlv.o
  CC      drivers/staging/qcacld-3.0/../qca-wifi-host-cmn/wmi/src/wmi_unified_concurrency_api.o
  CC      drivers/staging/qcacld-3.0/../qca-wifi-host-cmn/wmi/src/wmi_unified_concurrency_tlv.o
  CC      drivers/staging/qcacld-3.0/../qca-wifi-host-cmn/wmi/src/wmi_unified_sta_api.o
  CC      drivers/staging/qcacld-3.0/../qca-wifi-host-cmn/wmi/src/wmi_unified_sta_tlv.o
  CC      drivers/staging/qcacld-3.0/../qca-wifi-host-cmn/wmi/src/wmi_unified_bcn_api.o
  CC      drivers/staging/qcacld-3.0/../qca-wifi-host-cmn/wmi/src/wmi_unified_bcn_tlv.o
  CC      drivers/staging/qcacld-3.0/../qca-wifi-host-cmn/wmi/src/wmi_unified_fwol_api.o
  CC      drivers/staging/qcacld-3.0/../qca-wifi-host-cmn/wmi/src/wmi_unified_fwol_tlv.o
  CC      drivers/staging/qcacld-3.0/../qca-wifi-host-cmn/wmi/src/wmi_hang_event.o
  CC      drivers/staging/qcacld-3.0/../qca-wifi-host-cmn/htc/htc.o
  CC      drivers/staging/qcacld-3.0/../qca-wifi-host-cmn/htc/htc_send.o
  CC      drivers/staging/qcacld-3.0/../qca-wifi-host-cmn/htc/htc_recv.o
  CC      drivers/staging/qcacld-3.0/../qca-wifi-host-cmn/htc/htc_services.o
  CC      drivers/staging/qcacld-3.0/../qca-wifi-host-cmn/htc/htc_credit_history.o
  CC      drivers/staging/qcacld-3.0/../qca-wifi-host-cmn/htc/htc_hang_event.o
  CC      drivers/staging/qcacld-3.0/../qca-wifi-host-cmn/init_deinit/dispatcher/src/dispatcher_init_deinit.o
  CC      drivers/staging/qcacld-3.0/../qca-wifi-host-cmn/scheduler/src/scheduler_api.o
  CC      drivers/staging/qcacld-3.0/../qca-wifi-host-cmn/scheduler/src/scheduler_core.o
  CC      drivers/staging/qcacld-3.0/../qca-wifi-host-cmn/umac/regulatory/core/src/reg_build_chan_list.o
  CC      drivers/staging/qcacld-3.0/../qca-wifi-host-cmn/umac/regulatory/core/src/reg_callbacks.o
  CC      drivers/staging/qcacld-3.0/../qca-wifi-host-cmn/umac/regulatory/core/src/reg_db.o
  CC      drivers/staging/qcacld-3.0/../qca-wifi-host-cmn/umac/regulatory/core/src/reg_db_parser.o
  CC      drivers/staging/qcacld-3.0/../qca-wifi-host-cmn/umac/regulatory/core/src/reg_utils.o
  CC      drivers/staging/qcacld-3.0/../qca-wifi-host-cmn/umac/regulatory/core/src/reg_lte.o
  CC      drivers/staging/qcacld-3.0/../qca-wifi-host-cmn/umac/regulatory/core/src/reg_offload_11d_scan.o
  CC      drivers/staging/qcacld-3.0/../qca-wifi-host-cmn/umac/regulatory/core/src/reg_opclass.o
  CC      drivers/staging/qcacld-3.0/../qca-wifi-host-cmn/umac/regulatory/core/src/reg_priv_objs.o
  CC      drivers/staging/qcacld-3.0/../qca-wifi-host-cmn/umac/regulatory/dispatcher/src/wlan_reg_services_api.o
  CC      drivers/staging/qcacld-3.0/../qca-wifi-host-cmn/umac/regulatory/core/src/reg_services_common.o
  CC      drivers/staging/qcacld-3.0/../qca-wifi-host-cmn/umac/regulatory/dispatcher/src/wlan_reg_tgt_api.o
  CC      drivers/staging/qcacld-3.0/../qca-wifi-host-cmn/umac/regulatory/dispatcher/src/wlan_reg_ucfg_api.o
  CC      drivers/staging/qcacld-3.0/../qca-wifi-host-cmn/hif/src/hif_napi.o
  CC      drivers/staging/qcacld-3.0/../qca-wifi-host-cmn/hif/src/dispatcher/multibus.o
  CC      drivers/staging/qcacld-3.0/../qca-wifi-host-cmn/hif/src/dispatcher/dummy.o
  CC      drivers/staging/qcacld-3.0/../qca-wifi-host-cmn/hif/src/ath_procfs.o
  CC      drivers/staging/qcacld-3.0/../qca-wifi-host-cmn/hif/src/hif_main.o
  CC      drivers/staging/qcacld-3.0/../qca-wifi-host-cmn/hif/src/hif_exec.o
  CC      drivers/staging/qcacld-3.0/../qca-wifi-host-cmn/hif/src/hif_main_legacy.o
  CC      drivers/staging/qcacld-3.0/../qca-wifi-host-cmn/hif/src/hif_irq_affinity.o
  CC      drivers/staging/qcacld-3.0/../qca-wifi-host-cmn/hif/src/snoc/if_snoc.o
  CC      drivers/staging/qcacld-3.0/../qca-wifi-host-cmn/hif/src/ce/ce_diag.o
  CC      drivers/staging/qcacld-3.0/../qca-wifi-host-cmn/hif/src/ce/ce_main.o
  CC      drivers/staging/qcacld-3.0/../qca-wifi-host-cmn/hif/src/ce/ce_service.o
  CC      drivers/staging/qcacld-3.0/../qca-wifi-host-cmn/hif/src/ce/ce_tasklet.o
  CC      drivers/staging/qcacld-3.0/../qca-wifi-host-cmn/hif/src/mp_dev.o
  CC      drivers/staging/qcacld-3.0/../qca-wifi-host-cmn/hif/src/regtable.o
  CC      drivers/staging/qcacld-3.0/../qca-wifi-host-cmn/hif/src/ce/ce_service_legacy.o
  CC      drivers/staging/qcacld-3.0/../qca-wifi-host-cmn/hif/src/dispatcher/multibus_snoc.o
  CC      drivers/staging/qcacld-3.0/../qca-wifi-host-cmn/os_if/linux/wlan_osif_request_manager.o
  CC      drivers/staging/qcacld-3.0/../qca-wifi-host-cmn/os_if/linux/crypto/src/wlan_nl_to_crypto_params.o
  CC      drivers/staging/qcacld-3.0/../qca-wifi-host-cmn/os_if/linux/crypto/src/wlan_cfg80211_crypto.o
  CC      drivers/staging/qcacld-3.0/../qca-wifi-host-cmn/target_if/core/src/target_if_main.o
  CC      drivers/staging/qcacld-3.0/../qca-wifi-host-cmn/target_if/regulatory/src/target_if_reg.o
  CC      drivers/staging/qcacld-3.0/../qca-wifi-host-cmn/target_if/regulatory/src/target_if_reg_lte.o
  CC      drivers/staging/qcacld-3.0/../qca-wifi-host-cmn/target_if/regulatory/src/target_if_reg_11d.o
  CC      drivers/staging/qcacld-3.0/../qca-wifi-host-cmn/target_if/init_deinit/src/init_cmd_api.o
  CC      drivers/staging/qcacld-3.0/../qca-wifi-host-cmn/target_if/init_deinit/src/init_deinit_lmac.o
  CC      drivers/staging/qcacld-3.0/../qca-wifi-host-cmn/target_if/init_deinit/src/init_event_handler.o
  CC      drivers/staging/qcacld-3.0/../qca-wifi-host-cmn/target_if/init_deinit/src/service_ready_util.o
  CC      drivers/staging/qcacld-3.0/../qca-wifi-host-cmn/target_if/mlme/vdev_mgr/src/target_if_vdev_mgr_tx_ops.o
  CC      drivers/staging/qcacld-3.0/../qca-wifi-host-cmn/target_if/mlme/vdev_mgr/src/target_if_vdev_mgr_rx_ops.o
  CC      drivers/staging/qcacld-3.0/../qca-wifi-host-cmn/target_if/mlme/psoc/src/target_if_psoc_timer_tx_ops.o
  CC      drivers/staging/qcacld-3.0/../qca-wifi-host-cmn/target_if/mlme/psoc/src/target_if_psoc_wake_lock.o
  CC      drivers/staging/qcacld-3.0/../qca-wifi-host-cmn/target_if/crypto/src/target_if_crypto.o
  CC      drivers/staging/qcacld-3.0/components/target_if/pmo/src/target_if_pmo_arp.o
  CC      drivers/staging/qcacld-3.0/components/target_if/pmo/src/target_if_pmo_gtk.o
  CC      drivers/staging/qcacld-3.0/components/target_if/pmo/src/target_if_pmo_hw_filter.o
  CC      drivers/staging/qcacld-3.0/components/target_if/pmo/src/target_if_pmo_lphb.o
  CC      drivers/staging/qcacld-3.0/components/target_if/pmo/src/target_if_pmo_main.o
  CC      drivers/staging/qcacld-3.0/components/target_if/pmo/src/target_if_pmo_mc_addr_filtering.o
  CC      drivers/staging/qcacld-3.0/components/target_if/pmo/src/target_if_pmo_static_config.o
  CC      drivers/staging/qcacld-3.0/components/target_if/pmo/src/target_if_pmo_suspend_resume.o
  CC      drivers/staging/qcacld-3.0/components/target_if/pmo/src/target_if_pmo_wow.o
  CC      drivers/staging/qcacld-3.0/components/target_if/pmo/src/target_if_pmo_ns.o
  CC      drivers/staging/qcacld-3.0/components/target_if/pmo/src/target_if_pmo_pkt_filter.o
  CC      drivers/staging/qcacld-3.0/components/target_if/disa/src/target_if_disa.o
  CC      drivers/staging/qcacld-3.0/components/target_if/blacklist_mgr/src/target_if_blm.o
  CC      drivers/staging/qcacld-3.0/components/target_if/ipa/src/target_if_ipa.o
  CC      drivers/staging/qcacld-3.0/components/target_if/action_oui/src/target_if_action_oui.o
  CC      drivers/staging/qcacld-3.0/../qca-wifi-host-cmn/global_lmac_if/src/wlan_global_lmac_if.o
  CC      drivers/staging/qcacld-3.0/core/dp/htt/htt_tx.o
  CC      drivers/staging/qcacld-3.0/core/dp/htt/htt.o
  CC      drivers/staging/qcacld-3.0/core/dp/htt/htt_t2h.o
  CC      drivers/staging/qcacld-3.0/core/dp/htt/htt_h2t.o
  CC      drivers/staging/qcacld-3.0/core/dp/htt/htt_fw_stats.o
  CC      drivers/staging/qcacld-3.0/core/dp/htt/htt_rx.o
  CC      drivers/staging/qcacld-3.0/core/dp/htt/htt_monitor_rx.o
  CC      drivers/staging/qcacld-3.0/core/dp/htt/htt_rx_ll.o
  CC      drivers/staging/qcacld-3.0/../qca-wifi-host-cmn/utils/epping/src/epping_main.o
  CC      drivers/staging/qcacld-3.0/../qca-wifi-host-cmn/utils/epping/src/epping_txrx.o
  CC      drivers/staging/qcacld-3.0/../qca-wifi-host-cmn/utils/epping/src/epping_tx.o
  CC      drivers/staging/qcacld-3.0/../qca-wifi-host-cmn/utils/epping/src/epping_rx.o
  CC      drivers/staging/qcacld-3.0/../qca-wifi-host-cmn/utils/epping/src/epping_helper.o
  CC      drivers/staging/qcacld-3.0/../qca-wifi-host-cmn/umac/dfs/core/src/misc/dfs.o
  CC      drivers/staging/qcacld-3.0/../qca-wifi-host-cmn/umac/dfs/core/src/misc/dfs_cac.o
  CC      drivers/staging/qcacld-3.0/../qca-wifi-host-cmn/umac/dfs/core/src/misc/dfs_nol.o
  CC      drivers/staging/qcacld-3.0/../qca-wifi-host-cmn/umac/dfs/core/src/misc/dfs_random_chan_sel.o
  CC      drivers/staging/qcacld-3.0/../qca-wifi-host-cmn/umac/dfs/core/src/misc/dfs_process_radar_found_ind.o
  CC      drivers/staging/qcacld-3.0/../qca-wifi-host-cmn/umac/dfs/dispatcher/src/wlan_dfs_init_deinit_api.o
  CC      drivers/staging/qcacld-3.0/../qca-wifi-host-cmn/umac/dfs/dispatcher/src/wlan_dfs_lmac_api.o
  CC      drivers/staging/qcacld-3.0/../qca-wifi-host-cmn/umac/dfs/dispatcher/src/wlan_dfs_mlme_api.o
  CC      drivers/staging/qcacld-3.0/../qca-wifi-host-cmn/umac/dfs/dispatcher/src/wlan_dfs_tgt_api.o
  CC      drivers/staging/qcacld-3.0/../qca-wifi-host-cmn/umac/dfs/dispatcher/src/wlan_dfs_ucfg_api.o
  CC      drivers/staging/qcacld-3.0/../qca-wifi-host-cmn/umac/dfs/dispatcher/src/wlan_dfs_utils_api.o
  CC      drivers/staging/qcacld-3.0/../qca-wifi-host-cmn/target_if/dfs/src/target_if_dfs.o
  CC      drivers/staging/qcacld-3.0/../qca-wifi-host-cmn/target_if/dfs/src/target_if_dfs_partial_offload.o
  CC      drivers/staging/qcacld-3.0/../qca-wifi-host-cmn/umac/dfs/core/src/filtering/dfs_fcc_bin5.o
  CC      drivers/staging/qcacld-3.0/../qca-wifi-host-cmn/umac/dfs/core/src/filtering/dfs_bindetects.o
  CC      drivers/staging/qcacld-3.0/../qca-wifi-host-cmn/umac/dfs/core/src/filtering/dfs_debug.o
  CC      drivers/staging/qcacld-3.0/../qca-wifi-host-cmn/umac/dfs/core/src/filtering/dfs_init.o
  CC      drivers/staging/qcacld-3.0/../qca-wifi-host-cmn/umac/dfs/core/src/filtering/dfs_misc.o
  CC      drivers/staging/qcacld-3.0/../qca-wifi-host-cmn/umac/dfs/core/src/filtering/dfs_phyerr_tlv.o
  CC      drivers/staging/qcacld-3.0/../qca-wifi-host-cmn/umac/dfs/core/src/filtering/dfs_process_phyerr.o
  CC      drivers/staging/qcacld-3.0/../qca-wifi-host-cmn/umac/dfs/core/src/filtering/dfs_process_radarevent.o
  CC      drivers/staging/qcacld-3.0/../qca-wifi-host-cmn/umac/dfs/core/src/filtering/dfs_staggered.o
  CC      drivers/staging/qcacld-3.0/../qca-wifi-host-cmn/umac/dfs/core/src/filtering/dfs_radar.o
  CC      drivers/staging/qcacld-3.0/../qca-wifi-host-cmn/umac/dfs/core/src/filtering/dfs_partial_offload_radar.o
  CC      drivers/staging/qcacld-3.0/../qca-wifi-host-cmn/umac/dfs/core/src/misc/dfs_filter_init.o
  CC      drivers/staging/qcacld-3.0/../qca-wifi-host-cmn/umac/cmn_services/obj_mgr/src/wlan_objmgr_global_obj.o
  CC      drivers/staging/qcacld-3.0/../qca-wifi-host-cmn/umac/cmn_services/obj_mgr/src/wlan_objmgr_pdev_obj.o
  CC      drivers/staging/qcacld-3.0/../qca-wifi-host-cmn/umac/cmn_services/obj_mgr/src/wlan_objmgr_peer_obj.o
  CC      drivers/staging/qcacld-3.0/../qca-wifi-host-cmn/umac/cmn_services/obj_mgr/src/wlan_objmgr_psoc_obj.o
  CC      drivers/staging/qcacld-3.0/../qca-wifi-host-cmn/umac/cmn_services/obj_mgr/src/wlan_objmgr_vdev_obj.o
  CC      drivers/staging/qcacld-3.0/../qca-wifi-host-cmn/umac/cmn_services/obj_mgr/src/wlan_objmgr_debug.o
  CC      drivers/staging/qcacld-3.0/../qca-wifi-host-cmn/umac/wifi_pos/src/wifi_pos_api.o
  CC      drivers/staging/qcacld-3.0/../qca-wifi-host-cmn/umac/wifi_pos/src/wifi_pos_main.o
  CC      drivers/staging/qcacld-3.0/../qca-wifi-host-cmn/umac/wifi_pos/src/wifi_pos_ucfg.o
  CC      drivers/staging/qcacld-3.0/../qca-wifi-host-cmn/umac/wifi_pos/src/wifi_pos_utils.o
  CC      drivers/staging/qcacld-3.0/../qca-wifi-host-cmn/os_if/linux/wifi_pos/src/os_if_wifi_pos.o
  CC      drivers/staging/qcacld-3.0/../qca-wifi-host-cmn/target_if/wifi_pos/src/target_if_wifi_pos.o
  CC      drivers/staging/qcacld-3.0/../qca-wifi-host-cmn/target_if/cp_stats/src/target_if_mc_cp_stats.o
  CC      drivers/staging/qcacld-3.0/../qca-wifi-host-cmn/umac/cp_stats/core/src/wlan_cp_stats_comp_handler.o
  CC      drivers/staging/qcacld-3.0/../qca-wifi-host-cmn/umac/cp_stats/core/src/wlan_cp_stats_obj_mgr_handler.o
  CC      drivers/staging/qcacld-3.0/../qca-wifi-host-cmn/umac/cp_stats/core/src/wlan_cp_stats_ol_api.o
  CC      drivers/staging/qcacld-3.0/../qca-wifi-host-cmn/os_if/linux/cp_stats/src/wlan_cfg80211_mc_cp_stats.o
  CC      drivers/staging/qcacld-3.0/../qca-wifi-host-cmn/umac/cp_stats/dispatcher/src/wlan_cp_stats_utils_api.o
  CC      drivers/staging/qcacld-3.0/../qca-wifi-host-cmn/umac/cp_stats/dispatcher/src/wlan_cp_stats_mc_tgt_api.o
  CC      drivers/staging/qcacld-3.0/../qca-wifi-host-cmn/umac/cp_stats/dispatcher/src/wlan_cp_stats_mc_ucfg_api.o
  CC      drivers/staging/qcacld-3.0/components/target_if/interop_issues_ap/src/target_if_interop_issues_ap.o
  CC      drivers/staging/qcacld-3.0/components/interop_issues_ap/core/src/wlan_interop_issues_ap_api.o
  CC      drivers/staging/qcacld-3.0/os_if/interop_issues_ap/src/wlan_cfg80211_interop_issues_ap.o
  CC      drivers/staging/qcacld-3.0/components/interop_issues_ap/dispatcher/src/wlan_interop_issues_ap_tgt_api.o
  CC      drivers/staging/qcacld-3.0/components/interop_issues_ap/dispatcher/src/wlan_interop_issues_ap_ucfg_api.o
  CC      drivers/staging/qcacld-3.0/components/nan/core/src/nan_main.o
  CC      drivers/staging/qcacld-3.0/components/nan/core/src/nan_api.o
  CC      drivers/staging/qcacld-3.0/components/nan/dispatcher/src/nan_ucfg_api.o
  CC      drivers/staging/qcacld-3.0/components/nan/dispatcher/src/cfg_nan.o
  CC      drivers/staging/qcacld-3.0/components/target_if/nan/src/target_if_nan.o
  CC      drivers/staging/qcacld-3.0/os_if/nan/src/os_if_nan.o
  CC      drivers/staging/qcacld-3.0/../qca-wifi-host-cmn/umac/cmn_services/mgmt_txrx/core/src/wlan_mgmt_txrx_main.o
  CC      drivers/staging/qcacld-3.0/../qca-wifi-host-cmn/umac/cmn_services/mgmt_txrx/dispatcher/src/wlan_mgmt_txrx_utils_api.o
  CC      drivers/staging/qcacld-3.0/../qca-wifi-host-cmn/umac/cmn_services/mgmt_txrx/dispatcher/src/wlan_mgmt_txrx_tgt_api.o
  CC      drivers/staging/qcacld-3.0/components/tdls/core/src/wlan_tdls_main.o
  CC      drivers/staging/qcacld-3.0/components/tdls/core/src/wlan_tdls_cmds_process.o
  CC      drivers/staging/qcacld-3.0/components/tdls/core/src/wlan_tdls_peer.o
  CC      drivers/staging/qcacld-3.0/components/tdls/core/src/wlan_tdls_mgmt.o
  CC      drivers/staging/qcacld-3.0/components/tdls/core/src/wlan_tdls_ct.o
  CC      drivers/staging/qcacld-3.0/components/tdls/dispatcher/src/wlan_tdls_tgt_api.o
  CC      drivers/staging/qcacld-3.0/components/tdls/dispatcher/src/wlan_tdls_ucfg_api.o
  CC      drivers/staging/qcacld-3.0/components/tdls/dispatcher/src/wlan_tdls_utils_api.o
  CC      drivers/staging/qcacld-3.0/components/tdls/dispatcher/src/wlan_tdls_cfg.o
  CC      drivers/staging/qcacld-3.0/os_if/tdls/src/wlan_cfg80211_tdls.o
  CC      drivers/staging/qcacld-3.0/components/target_if/tdls/src/target_if_tdls.o
  CC      drivers/staging/qcacld-3.0/components/pmo/core/src/wlan_pmo_main.o
  CC      drivers/staging/qcacld-3.0/components/pmo/core/src/wlan_pmo_apf.o
  CC      drivers/staging/qcacld-3.0/components/pmo/core/src/wlan_pmo_arp.o
  CC      drivers/staging/qcacld-3.0/components/pmo/core/src/wlan_pmo_gtk.o
  CC      drivers/staging/qcacld-3.0/components/pmo/core/src/wlan_pmo_mc_addr_filtering.o
  CC      drivers/staging/qcacld-3.0/components/pmo/core/src/wlan_pmo_static_config.o
  CC      drivers/staging/qcacld-3.0/components/pmo/core/src/wlan_pmo_wow.o
  CC      drivers/staging/qcacld-3.0/components/pmo/core/src/wlan_pmo_lphb.o
  CC      drivers/staging/qcacld-3.0/components/pmo/core/src/wlan_pmo_suspend_resume.o
  CC      drivers/staging/qcacld-3.0/components/pmo/core/src/wlan_pmo_hw_filter.o
  CC      drivers/staging/qcacld-3.0/components/pmo/dispatcher/src/wlan_pmo_obj_mgmt_api.o
  CC      drivers/staging/qcacld-3.0/components/pmo/dispatcher/src/wlan_pmo_ucfg_api.o
  CC      drivers/staging/qcacld-3.0/components/pmo/dispatcher/src/wlan_pmo_tgt_arp.o
  CC      drivers/staging/qcacld-3.0/components/pmo/dispatcher/src/wlan_pmo_tgt_gtk.o
  CC      drivers/staging/qcacld-3.0/components/pmo/dispatcher/src/wlan_pmo_tgt_wow.o
  CC      drivers/staging/qcacld-3.0/components/pmo/dispatcher/src/wlan_pmo_tgt_static_config.o
  CC      drivers/staging/qcacld-3.0/components/pmo/dispatcher/src/wlan_pmo_tgt_mc_addr_filtering.o
  CC      drivers/staging/qcacld-3.0/components/pmo/dispatcher/src/wlan_pmo_tgt_lphb.o
  CC      drivers/staging/qcacld-3.0/components/pmo/dispatcher/src/wlan_pmo_tgt_suspend_resume.o
  CC      drivers/staging/qcacld-3.0/components/pmo/dispatcher/src/wlan_pmo_tgt_hw_filter.o
  CC      drivers/staging/qcacld-3.0/components/pmo/core/src/wlan_pmo_pkt_filter.o
  CC      drivers/staging/qcacld-3.0/components/pmo/dispatcher/src/wlan_pmo_tgt_pkt_filter.o
  CC      drivers/staging/qcacld-3.0/components/pmo/core/src/wlan_pmo_ns.o
  CC      drivers/staging/qcacld-3.0/components/pmo/dispatcher/src/wlan_pmo_tgt_ns.o
  CC      drivers/staging/qcacld-3.0/components/p2p/dispatcher/src/wlan_p2p_ucfg_api.o
  CC      drivers/staging/qcacld-3.0/components/p2p/dispatcher/src/wlan_p2p_tgt_api.o
  CC      drivers/staging/qcacld-3.0/components/p2p/dispatcher/src/wlan_p2p_cfg.o
  CC      drivers/staging/qcacld-3.0/components/p2p/dispatcher/src/wlan_p2p_api.o
  CC      drivers/staging/qcacld-3.0/components/p2p/core/src/wlan_p2p_main.o
  CC      drivers/staging/qcacld-3.0/components/p2p/core/src/wlan_p2p_roc.o
  CC      drivers/staging/qcacld-3.0/components/p2p/core/src/wlan_p2p_off_chan_tx.o
  CC      drivers/staging/qcacld-3.0/os_if/p2p/src/wlan_cfg80211_p2p.o
  CC      drivers/staging/qcacld-3.0/components/target_if/p2p/src/target_if_p2p.o
  CC      drivers/staging/qcacld-3.0/components/cmn_services/policy_mgr/src/wlan_policy_mgr_action.o
  CC      drivers/staging/qcacld-3.0/components/cmn_services/policy_mgr/src/wlan_policy_mgr_core.o
  CC      drivers/staging/qcacld-3.0/components/cmn_services/policy_mgr/src/wlan_policy_mgr_get_set_utils.o
  CC      drivers/staging/qcacld-3.0/components/cmn_services/policy_mgr/src/wlan_policy_mgr_init_deinit.o
  CC      drivers/staging/qcacld-3.0/components/cmn_services/policy_mgr/src/wlan_policy_mgr_ucfg.o
  CC      drivers/staging/qcacld-3.0/components/cmn_services/policy_mgr/src/wlan_policy_mgr_pcl.o
  CC      drivers/staging/qcacld-3.0/../qca-wifi-host-cmn/utils/logging/src/wlan_logging_sock_svc.o
  CC      drivers/staging/qcacld-3.0/../qca-wifi-host-cmn/utils/logging/src/wlan_roam_debug.o
  CC      drivers/staging/qcacld-3.0/../qca-wifi-host-cmn/utils/nlink/src/wlan_nlink_srv.o
  CC      drivers/staging/qcacld-3.0/../qca-wifi-host-cmn/utils/ptt/src/wlan_ptt_sock_svc.o
  CC      drivers/staging/qcacld-3.0/../qca-wifi-host-cmn/umac/cmn_services/serialization/src/wlan_serialization_main.o
  CC      drivers/staging/qcacld-3.0/../qca-wifi-host-cmn/umac/cmn_services/serialization/src/wlan_serialization_api.o
  CC      drivers/staging/qcacld-3.0/../qca-wifi-host-cmn/umac/cmn_services/serialization/src/wlan_serialization_utils.o
  CC      drivers/staging/qcacld-3.0/../qca-wifi-host-cmn/umac/cmn_services/serialization/src/wlan_serialization_legacy_api.o
  CC      drivers/staging/qcacld-3.0/../qca-wifi-host-cmn/umac/cmn_services/serialization/src/wlan_serialization_rules.o
  CC      drivers/staging/qcacld-3.0/../qca-wifi-host-cmn/umac/cmn_services/serialization/src/wlan_serialization_internal.o
  CC      drivers/staging/qcacld-3.0/../qca-wifi-host-cmn/umac/cmn_services/serialization/src/wlan_serialization_non_scan.o
  CC      drivers/staging/qcacld-3.0/../qca-wifi-host-cmn/umac/cmn_services/serialization/src/wlan_serialization_queue.o
  CC      drivers/staging/qcacld-3.0/../qca-wifi-host-cmn/umac/cmn_services/serialization/src/wlan_serialization_scan.o
  CC      drivers/staging/qcacld-3.0/core/pld/src/pld_common.o
  CC      drivers/staging/qcacld-3.0/core/pld/src/pld_snoc.o
  CC      drivers/staging/qcacld-3.0/../qca-wifi-host-cmn/umac/cmn_services/sm_engine/src/wlan_sm_engine.o
  CC      drivers/staging/qcacld-3.0/../qca-wifi-host-cmn/umac/mlme/mlme_objmgr/dispatcher/src/wlan_vdev_mlme_main.o
  CC      drivers/staging/qcacld-3.0/../qca-wifi-host-cmn/umac/mlme/vdev_mgr/core/src/vdev_mlme_sm.o
  CC      drivers/staging/qcacld-3.0/../qca-wifi-host-cmn/umac/mlme/vdev_mgr/dispatcher/src/wlan_vdev_mlme_api.o
  CC      drivers/staging/qcacld-3.0/../qca-wifi-host-cmn/umac/mlme/vdev_mgr/core/src/vdev_mgr_ops.o
  CC      drivers/staging/qcacld-3.0/../qca-wifi-host-cmn/umac/mlme/vdev_mgr/dispatcher/src/wlan_vdev_mgr_tgt_if_rx_api.o
  CC      drivers/staging/qcacld-3.0/../qca-wifi-host-cmn/umac/mlme/vdev_mgr/dispatcher/src/wlan_vdev_mgr_tgt_if_tx_api.o
  CC      drivers/staging/qcacld-3.0/../qca-wifi-host-cmn/umac/mlme/vdev_mgr/dispatcher/src/wlan_vdev_mgr_ucfg_api.o
  CC      drivers/staging/qcacld-3.0/../qca-wifi-host-cmn/umac/mlme/vdev_mgr/dispatcher/src/wlan_vdev_mgr_utils_api.o
  CC      drivers/staging/qcacld-3.0/../qca-wifi-host-cmn/umac/mlme/mlme_objmgr/dispatcher/src/wlan_cmn_mlme_main.o
  CC      drivers/staging/qcacld-3.0/../qca-wifi-host-cmn/umac/mlme/mlme_objmgr/dispatcher/src/wlan_pdev_mlme_main.o
  CC      drivers/staging/qcacld-3.0/../qca-wifi-host-cmn/umac/mlme/pdev_mgr/dispatcher/src/wlan_pdev_mlme_api.o
  CC      drivers/staging/qcacld-3.0/../qca-wifi-host-cmn/umac/mlme/mlme_objmgr/dispatcher/src/wlan_psoc_mlme_main.o
  CC      drivers/staging/qcacld-3.0/../qca-wifi-host-cmn/umac/mlme/psoc_mgr/dispatcher/src/wlan_psoc_mlme_api.o
  CC      drivers/staging/qcacld-3.0/components/mlme/core/src/wlan_mlme_main.o
  CC      drivers/staging/qcacld-3.0/components/mlme/dispatcher/src/wlan_mlme_api.o
  CC      drivers/staging/qcacld-3.0/components/mlme/dispatcher/src/wlan_mlme_ucfg_api.o
  CC      drivers/staging/qcacld-3.0/components/mlme/core/src/wlan_mlme_vdev_mgr_interface.o
  CC      drivers/staging/qcacld-3.0/components/fw_offload/core/src/wlan_fw_offload_main.o
  CC      drivers/staging/qcacld-3.0/components/fw_offload/dispatcher/src/wlan_fwol_ucfg_api.o
  CC      drivers/staging/qcacld-3.0/components/fw_offload/dispatcher/src/wlan_fwol_tgt_api.o
  CC      drivers/staging/qcacld-3.0/components/target_if/fw_offload/src/target_if_fwol.o
  CC      drivers/staging/qcacld-3.0/os_if/fw_offload/src/os_if_fwol.o
  CC      drivers/staging/qcacld-3.0/components/blacklist_mgr/core/src/wlan_blm_main.o
  CC      drivers/staging/qcacld-3.0/components/blacklist_mgr/core/src/wlan_blm_core.o
  CC      drivers/staging/qcacld-3.0/components/blacklist_mgr/dispatcher/src/wlan_blm_ucfg_api.o
  CC      drivers/staging/qcacld-3.0/components/blacklist_mgr/dispatcher/src/wlan_blm_tgt_api.o
  CC      drivers/staging/qcacld-3.0/components/ipa/dispatcher/src/wlan_ipa_ucfg_api.o
  CC      drivers/staging/qcacld-3.0/components/ipa/dispatcher/src/wlan_ipa_obj_mgmt_api.o
  CC      drivers/staging/qcacld-3.0/components/ipa/dispatcher/src/wlan_ipa_tgt_api.o
  CC      drivers/staging/qcacld-3.0/components/ipa/core/src/wlan_ipa_main.o
  CC      drivers/staging/qcacld-3.0/components/ipa/core/src/wlan_ipa_core.o
  CC      drivers/staging/qcacld-3.0/components/ipa/core/src/wlan_ipa_stats.o
  CC      drivers/staging/qcacld-3.0/components/ipa/core/src/wlan_ipa_rm.o
  CC      drivers/staging/qcacld-3.0/../qca-wifi-host-cmn/utils/pktlog/pktlog_ac.o
  CC      drivers/staging/qcacld-3.0/../qca-wifi-host-cmn/utils/pktlog/pktlog_internal.o
  CC      drivers/staging/qcacld-3.0/../qca-wifi-host-cmn/utils/pktlog/linux_ac.o
  CC      drivers/staging/qcacld-3.0/../qca-wifi-host-cmn/utils/pktlog/pktlog_wifi2.o
  CC      drivers/staging/qcacld-3.0/components/disa/core/src/wlan_disa_main.o
  CC      drivers/staging/qcacld-3.0/components/disa/dispatcher/src/wlan_disa_obj_mgmt_api.o
  CC      drivers/staging/qcacld-3.0/components/disa/dispatcher/src/wlan_disa_tgt_api.o
  CC      drivers/staging/qcacld-3.0/components/disa/dispatcher/src/wlan_disa_ucfg_api.o
  CC      drivers/staging/qcacld-3.0/components/action_oui/core/src/wlan_action_oui_main.o
  CC      drivers/staging/qcacld-3.0/components/action_oui/core/src/wlan_action_oui_parse.o
  CC      drivers/staging/qcacld-3.0/components/action_oui/dispatcher/src/wlan_action_oui_tgt_api.o
  CC      drivers/staging/qcacld-3.0/components/action_oui/dispatcher/src/wlan_action_oui_ucfg_api.o
  CC      drivers/staging/qcacld-3.0/../qca-wifi-host-cmn/umac/global_umac_dispatcher/lmac_if/src/wlan_lmac_if.o
  CC      drivers/staging/qcacld-3.0/../qca-wifi-host-cmn/umac/scan/core/src/wlan_scan_cache_db.o
  CC      drivers/staging/qcacld-3.0/../qca-wifi-host-cmn/umac/scan/core/src/wlan_scan_11d.o
  CC      drivers/staging/qcacld-3.0/../qca-wifi-host-cmn/umac/scan/core/src/wlan_scan_bss_score.o
  CC      drivers/staging/qcacld-3.0/../qca-wifi-host-cmn/umac/scan/core/src/wlan_scan_filter.o
  CC      drivers/staging/qcacld-3.0/../qca-wifi-host-cmn/umac/scan/core/src/wlan_scan_main.o
  CC      drivers/staging/qcacld-3.0/../qca-wifi-host-cmn/umac/scan/core/src/wlan_scan_manager.o
  CC      drivers/staging/qcacld-3.0/../qca-wifi-host-cmn/umac/scan/dispatcher/src/wlan_scan_tgt_api.o
  CC      drivers/staging/qcacld-3.0/../qca-wifi-host-cmn/umac/scan/dispatcher/src/wlan_scan_ucfg_api.o
  CC      drivers/staging/qcacld-3.0/../qca-wifi-host-cmn/umac/scan/dispatcher/src/wlan_scan_api.o
  CC      drivers/staging/qcacld-3.0/../qca-wifi-host-cmn/umac/scan/dispatcher/src/wlan_scan_utils_api.o
  CC      drivers/staging/qcacld-3.0/../qca-wifi-host-cmn/os_if/linux/scan/src/wlan_cfg80211_scan.o
  CC      drivers/staging/qcacld-3.0/../qca-wifi-host-cmn/os_if/linux/wlan_cfg80211.o
  CC      drivers/staging/qcacld-3.0/../qca-wifi-host-cmn/target_if/scan/src/target_if_scan.o
  CC      drivers/staging/qcacld-3.0/../qca-wifi-host-cmn/umac/cmn_services/utils/src/wlan_utility.o
  CC      drivers/staging/qcacld-3.0/../qca-wifi-host-cmn/spectral/core/spectral_offload.o
  CC      drivers/staging/qcacld-3.0/../qca-wifi-host-cmn/spectral/core/spectral_common.o
  CC      drivers/staging/qcacld-3.0/../qca-wifi-host-cmn/spectral/dispatcher/src/wlan_spectral_ucfg_api.o
  CC      drivers/staging/qcacld-3.0/../qca-wifi-host-cmn/spectral/dispatcher/src/wlan_spectral_utils_api.o
  CC      drivers/staging/qcacld-3.0/../qca-wifi-host-cmn/spectral/dispatcher/src/wlan_spectral_tgt_api.o
  CC      drivers/staging/qcacld-3.0/../qca-wifi-host-cmn/os_if/linux/spectral/src/wlan_cfg80211_spectral.o
  CC      drivers/staging/qcacld-3.0/../qca-wifi-host-cmn/os_if/linux/spectral/src/os_if_spectral_netlink.o
  CC      drivers/staging/qcacld-3.0/../qca-wifi-host-cmn/target_if/spectral/target_if_spectral_netlink.o
  CC      drivers/staging/qcacld-3.0/../qca-wifi-host-cmn/target_if/spectral/target_if_spectral_phyerr.o
  CC      drivers/staging/qcacld-3.0/../qca-wifi-host-cmn/target_if/spectral/target_if_spectral.o
  CC      drivers/staging/qcacld-3.0/../qca-wifi-host-cmn/target_if/spectral/target_if_spectral_sim.o
  CC      drivers/staging/qcacld-3.0/../qca-wifi-host-cmn/umac/green_ap/core/src/wlan_green_ap_main.o
  CC      drivers/staging/qcacld-3.0/../qca-wifi-host-cmn/umac/green_ap/dispatcher/src/wlan_green_ap_api.o
  CC      drivers/staging/qcacld-3.0/../qca-wifi-host-cmn/umac/green_ap/dispatcher/src/wlan_green_ap_ucfg_api.o
  CC      drivers/staging/qcacld-3.0/../qca-wifi-host-cmn/target_if/green_ap/src/target_if_green_ap.o
  CC      drivers/staging/qcacld-3.0/../qca-wifi-host-cmn/umac/cmn_services/crypto/src/wlan_crypto_global_api.o
  CC      drivers/staging/qcacld-3.0/../qca-wifi-host-cmn/umac/cmn_services/crypto/src/wlan_crypto_ucfg_api.o
  CC      drivers/staging/qcacld-3.0/../qca-wifi-host-cmn/umac/cmn_services/crypto/src/wlan_crypto_main.o
  CC      drivers/staging/qcacld-3.0/../qca-wifi-host-cmn/umac/cmn_services/crypto/src/wlan_crypto_obj_mgr.o
  CC      drivers/staging/qcacld-3.0/../qca-wifi-host-cmn/umac/cmn_services/crypto/src/wlan_crypto_param_handling.o
  AR      drivers/staging/qcacld-3.0/wlan.o
  AR      drivers/staging/qcacld-3.0/built-in.o
  AR      drivers/staging/built-in.o
  AR      drivers/built-in.o
  GEN     .version
  CHK     include/generated/compile.h
  UPD     include/generated/compile.h
  CC      init/version.o
  AR      init/built-in.o
  AR      built-in.o
  LTO     vmlinux.o
  MODPOST vmlinux.o
